ሃለወ,V
ሃመመ,V
ሃረመ,V
ሃረረ,V
ሃረፈ,V
ሃሰሰ,V
ሃሰየ,V
ሃቀነ,V
ሃበ,V
ሃብተመ,V
ሃነጸ,V
ሃወኸ,V
ሃወጸ,V
ሃደመ,V
ሃደነ,V
ሃደደ,V
ሃድአ,V
ሃጀመ,V
ሃገረ,V
ሃፈፈ,V
ለሓመ,V
ለሓሰ,V
ለሓዀ,V
ለሓፈ,V
ለመነ,V
ለመደ,V
ለመጸ,V
ለምለመ,V
ለቐመ,V
ለቐቐ,V
ለበሰ,V
ለበጠ,V
ለብለበ,V
ለብዐ,V
ለንቀጠ,V
ለኣኸ,V
ለከመ,V
ለኽበጠ,V
ለወሰ,V
ለወየ,V
ለወጠ,V
ለዋወጠ,V
ለውሀ,V
ለዓለ,V
ለዘበ,V
ለዝለዘ,V
ለደደ,V
ለገሰ,V
ለገበ,V
ለጋገበ,V
ለጠጠ,V
ለጠፈ,V
ለጸቐ,V
ለፈጠ,V
ለፍለፈ,V
ለፍዐ,V
ላህልሀ,V
ላህዘዘ,V
ላጸየ,V
ሎኰተ,V
ሓለበ,V
ሓለነ,V
ሓለኸ,V
ሓለወ,V
ሓለፈ,V
ሓላለኸ,V
ሓመመ,V
ሓመቐ,V
ሓመየ,V
ሓመጠ,V
ሓምሸሸ,V
ሓምበሰ,V
ሓምተለ,V
ሓረሰ,V
ሓረቐ,V
ሓረየ,V
ሓረደ,V
ሓሰረ,V
ሓሰበ,V
ሓሰወ,V
ሓሰየ,V
ሓሸ,V
ሓሸሸ,V
ሓሽኰለ,V
ሓቐቐ,V
ሓቐየ,V
ሓቖፈ,V
ሓቘነ,V
ሓቘፈ,V
ሓበለ,V
ሓበረ,V
ሓበሰ,V
ሓበጠ,V
ሓባበለ,V
ሓብሓበ,V
ሓብአ,V
ሓተመ,V
ሓተተ,V
ሓነቐ,V
ሓነነ,V
ሓነኸ,V
ሓንኮለ,V
ሓንኮኸ,V
ሓንኰለ,V
ሓንገረ,V
ሓንገደ,V
ሓንፈጸ,V
ሓንፈፈ,V
ሓከመ,V
ሓኸኸ,V
ሓኾረ,V
ሓዀረ,V
ሓወሰ,V
ሓወየ,V
ሓዋወሰ,V
ሓዘ,V
ሓዘለ,V
ሓዘነ,V
ሓየለ,V
ሓየረ,V
ሓየኸ,V
ሓደሰ,V
ሓደገ,V
ሓገረ,V
ሓገዘ,V
ሓገገ,V
ሓግሓገ,V
ሓጐደ,V
ሓጥአ,V
ሓጨጨ,V
ሓጸረ,V
ሓጸበ,V
ሓጸየ,V
ሓፈሰ,V
መሃረ,V
መሃዘ,V
መለሰ,V
መለሸ,V
መለጠ,V
መልሐ,V
መልመለ,V
መልመሰ,V
መልአ,V
መልጠጠ,V
መሎቐ,V
መሓለ,V
መሓረ,V
መሓቘ,V
መሓወ,V
መመየ,V
መረሸ,V
መረቐ,V
መረዘ,V
መረጸ,V
መርሐ,V
መርመረ,V
መርሰረ,V
መሰለ,V
መሰየ,V
መሰጠ,V
መስረተ,V
መስነወ,V
መስከረ,V
መሸተ,V
መሸጠ,V
መሽመሸ,V
መቀለ,V
መቍሐ,V
መቐለ,V
መቐሰ,V
መቑሐ,V
መቓልሐ,V
መቓቐለ,V
መችአ,V
መነነ,V
መንተፈ,V
መንዝዐ,V
መንደበ,V
መንገወ,V
መንጠለ,V
መንጨተ,V
መንጨወ,V
መንጸረ,V
መከተ,V
መኸረ,V
መኸኸ,V
መወለ,V
መዓረ,V
መዓደ,V
መዘዘ,V
መዝሓቐ,V
መዝሓቘ,V
መዝመዘ,V
መዝገበ,V
መገበ,V
መጠነ,V
መጠጠ,V
መጸ,V
መጸየ,V
መጽወተ,V
ማህመነ,V
ማለደ,V
ማሕምሐ,V
ማረኸ,V
ማሰነ,V
ማሰየ,V
ማዕበለ,V
ምሓሸ,V
ሞተ,V
ሞኸደ,V
ረሃበ,V
ረሃጸ,V
ረሓቐ,V
ረረወ,V
ረሰደ,V
ረስዐ,V
ረሸነ,V
ረቀመ,V
ረቀጠ,V
ረቆጠ,V
ረቍሐ,V
ረቐየ,V
ረቑሐ,V
ረቓቕዐ,V
ረቝሐ,V
ረበሸ,V
ረብሐ,V
ረብረበ,V
ረተበ,V
ረትዐ,V
ረኣየ,V
ረከሰ,V
ረኸሰ,V
ረኸበ,V
ረዘነ,V
ረድአ,V
ረገጠ,V
ረገጸ,V
ረገፈ,V
ረግሐ,V
ረግአ,V
ረጎደ,V
ረጥረጠ,V
ረፈተ,V
ራህርሀ,V
ራሕርሐ,V
ራሰየ,V
ርሓቐ,V
ሰለመ,V
ሰለበ,V
ሰለዀ,V
ሰልከየ,V
ሰልዐ,V
ሰሎኸ,V
ሰሓለ,V
ሰሓበ,V
ሰሓተ,V
ሰመ,V
ሰመመ,V
ሰመረ,V
ሰመየ,V
ሰምሰመ,V
ሰምዐ,V
ሰረረ,V
ሰረቐ,V
ሰረበ,V
ሰረዘ,V
ሰረጸ,V
ሰርሐ,V
ሰርሰረ,V
ሰርዐ,V
ሰርዘ,V
ሰሰነ,V
ሰቐለ,V
ሰቕሰቐ,V
ሰበረ,V
ሰበኸ,V
ሰባበረ,V
ሰብሰበ,V
ሰብቀለ,V
ሰተረ,V
ሰተየ,V
ሰነገ,V
ሰነፈ,V
ሰንከለ,V
ሰንከተ,V
ሰንኮፈ,V
ሰንዐ,V
ሰንደወ,V
ሰንገወ,V
ሰንጠቐ,V
ሰንጨረ,V
ሰኣለ,V
ሰኣነ,V
ሰኩዐ,V
ሰኸነ,V
ሰዃዅዐ,V
ሰዅለለ,V
ሰዅዐ,V
ሰወረ,V
ሰዓለ,V
ሰዓረ,V
ሰዓበ,V
ሰየመ,V
ሰየተ,V
ሰየፈ,V
ሰደደ,V
ሰድዐ,V
ሰገረ,V
ሰገደ,V
ሰግአ,V
ሰጎገ,V
ሰጎጐ,V
ሰጐመ,V
ሰጐገ,V
ሰጐጐ,V
ሰጠመ,V
ሰፈለ,V
ሰፈረ,V
ሰፈነ,V
ሰፈየ,V
ሰፈፈ,V
ሰፍሐ,V
ሰፍነገ,V
ሳሕስሐ,V
ሳሰየ,V
ሳዘየ,V
ሳጸየ,V
ስሓበ,V
ስሓተ,V
ስሓወ,V
ስኣለ,V
ሸለመ,V
ሸሓረ,V
ሸምቀቐ,V
ሸምደደ,V
ሸምገለ,V
ሸምጠጠ,V
ሸረፈ,V
ሸርመመ,V
ሸርጠጠ,V
ሸቀለ,V
ሸነ,V
ሸነነ,V
ሸንሸነ,V
ሸንጎገ,V
ሸኩዐ,V
ሸኸለ,V
ሸኸተ,V
ሸወዘ,V
ሸገጠ,V
ሸጎረ,V
ሸጠ,V
ሸፈነ,V
ሸፈፈ,V
ሻቖጠ,V
ሾመ,V
ቀሃመ,V
ቀለወ,V
ቀለጠ,V
ቀለጸ,V
ቀልዐ,V
ቀልጠፈ,V
ቀመመ,V
ቀመረ,V
ቀምረረ,V
ቀምቀመ,V
ቀምጨጨ,V
ቀረመ,V
ቀረበ,V
ቀረጸ,V
ቀርቀረ,V
ቀርደደ,V
ቀርጠመ,V
ቀሰመ,V
ቀሰነ,V
ቀስቀሰ,V
ቀሸሸ,V
ቀበረ,V
ቀብአ,V
ቀተለ,V
ቀነተ,V
ቀነነ,V
ቀንአ,V
ቀንዐ,V
ቀንጠሰ,V
ቀንጠበ,V
ቀንጠጠ,V
ቀንጸለ,V
ቀዘዘ,V
ቀዘፈ,V
ቀየረ,V
ቀየሰ,V
ቀየደ,V
ቀያየረ,V
ቀይሐ,V
ቀደመ,V
ቀደሰ,V
ቀደደ,V
ቀድሐ,V
ቀጠፈ,V
ቀጥቀጠ,V
ቀጸለ,V
ቀጸጸ,V
ቀጽዐ,V
ቀፈደ,V
ቃቐረ,V
ቆለበ,V
ቆመ,V
ቆመለ,V
ቆረረ,V
ቆረጸ,V
ቆራረጸ,V
ቆርመመ,V
ቆንጠረ,V
ቆዘመ,V
ቆጠበ,V
ቆጸረ,V
ቆጸየ,V
ቈለበ,V
ቈለፈ,V
ቈልቈለ,V
ቈረጸ,V
ቈራረጸ,V
ቈርጠመ,V
ቈዘመ,V
ቈጠበ,V
ቈጸረ,V
በሃገ,V
በለ,V
በለለ,V
በለየ,V
በለጸ,V
በልሰነ,V
በልዐ,V
በረቐ,V
በረዘ,V
በርሀ,V
በርቅሐ,V
በርቈቘ,V
በርትዐ,V
በሰለ,V
በሳስዐ,V
በስዐ,V
በሽቀጠ,V
በቆጸ,V
በቕዐ,V
በቘለ,V
በተነ,V
በተኸ,V
በታተነ,V
በነነ,V
በኣሰ,V
በከለ,V
በኸየ,V
በዅዐ,V
በወዘ,V
በዘተ,V
በዝሐ,V
በየነ,V
በደለ,V
በድሀ,V
በድበደ,V
በጥሐ,V
በጽሐ,V
በጽበጸ,V
ባህብሀ,V
ባልሀ,V
ባሕጎጐ,V
ባረኸ,V
ባረወ,V
ቦኽቦኸ,V
ተሃላለኸ,V
ተሃንቀወ,V
ተሃወኸ,V
ተለለወ,V
ተለማመደ,V
ተለምደ,V
ተለቅሐ,V
ተለከመ,V
ተለወየ,V
ተለዋወጠ,V
ተለዓዓለ,V
ተለጠፈ,V
ተላሓገ,V
ተላሕጸጸ,V
ተላቐቐ,V
ተላተመ,V
ተላዕለ,V
ተላዘበ,V
ተላገበ,V
ተላገጸ,V
ተሓለለ,V
ተሓላለኸ,V
ተሓልወየ,V
ተሓምሸሸ,V
ተሓምበበ,V
ተሓረመ,V
ተሓስበ,V
ተሓበረ,V
ተሓበነ,V
ተሓባበረ,V
ተሓብአ,V
ተሓትመ,V
ተሓናፈጸ,V
ተሓንቀ,V
ተሓንገረ,V
ተሓወሰ,V
ተሓዋወሰ,V
ተሓዝለ,V
ተሓደሰ,V
ተሓጎሰ,V
ተሓጐሰ,V
ተመላለሰ,V
ተመልሰ,V
ተመልአ,V
ተመልከተ,V
ተመሓዘወ,V
ተመረቐ,V
ተመራስሐ,V
ተመርሐ,V
ተመርቀፈ,V
ተመርኮሰ,V
ተመርኰሰ,V
ተመርዓወ,V
ተመሰለ,V
ተመሰጠ,V
ተመሳሰለ,V
ተመሳቐለ,V
ተመስሐ,V
ተመሻኸነ,V
ተመሻጠረ,V
ተመቕለለ,V
ተመባጽዐ,V
ተመተ,V
ተመትከለ,V
ተመችአ,V
ተመነ,V
ተመነየ,V
ተመንወ,V
ተመንገወ,V
ተመኮረ,V
ተመኰረ,V
ተመኻኸረ,V
ተመዛበለ,V
ተመዛዘነ,V
ተመዝነ,V
ተመዝገበ,V
ተመያየጠ,V
ተመደበ,V
ተመገበ,V
ተመጣጠነ,V
ተማህለለ,V
ተማህረ,V
ተማልአ,V
ተማሕጸነ,V
ተማረረ,V
ተማትአ,V
ተማኸረ,V
ተማጎተ,V
ተማጐተ,V
ተምበርከኸ,V
ተሞከረ,V
ተረሓሓቐ,V
ተረረ,V
ተረሳሰነ,V
ተረስዐ,V
ተረበሸ,V
ተረበጸ,V
ተረከበ,V
ተረኸበ,V
ተረኽበ,V
ተረዳድአ,V
ተረድአ,V
ተረፈ,V
ተራቐቐ,V
ተራብሐ,V
ተራኸበ,V
ተራድአ,V
ተራገመ,V
ተራጸመ,V
ተርብዐ,V
ተርከሰ,V
ተርግአ,V
ተርጐመ,V
ተሰማምዐ,V
ተሰምዐ,V
ተሰርሐ,V
ተሰርዐ,V
ተሰቐለ,V
ተሰበረ,V
ተሰባበረ,V
ተሰነየ,V
ተሰነፈ,V
ተሰናበተ,V
ተሰናጠቐ,V
ተሰከመ,V
ተሰደ,V
ተሰደደ,V
ተሰገጠ,V
ተሰጥሐ,V
ተሳለየ,V
ተሳሓቐ,V
ተሳሕበ,V
ተሳቐየ,V
ተሳበረ,V
ተሳተፈ,V
ተሳነየ,V
ተሳእለ,V
ተሳዕረ,V
ተሳየፈ,V
ተስሓበ,V
ተሸለመ,V
ተሸማረረ,V
ተሸምቀቐ,V
ተሸርበ,V
ተሸቑረረ,V
ተሸበረ,V
ተሸባሸበ,V
ተሸንከረ,V
ተሸከመ,V
ተሸኰለ,V
ተሸኽለ,V
ተሸዃዅዐ,V
ተሸጐረ,V
ተሸጐጠ,V
ተሸጠ,V
ተሻቐለ,V
ተሻበነ,V
ተቐላጠፈ,V
ተቐልቀለ,V
ተቐልዐ,V
ተቐመጠ,V
ተቐራረበ,V
ተቐርቀረ,V
ተቐበለ,V
ተቐንዘወ,V
ተቐዝሐ,V
ተቐየመ,V
ተቐያየረ,V
ተቐደ,V
ተቐደደ,V
ተቐዳደመ,V
ተቐጠበ,V
ተቐጽዐ,V
ተቓለሰ,V
ተቓረበ,V
ተቓረነ,V
ተቓቐረ,V
ተቓተወ,V
ተቓወመ,V
ተቓደወ,V
ተቓጸለ,V
ተቓጸወ,V
ተቓጸየ,V
ተቖጠበ,V
ተቖጻጸረ,V
ተቘላዓጸ,V
ተቘናጀወ,V
ተቘጠበ,V
ተቘጥዐ,V
ተቘጻጸረ,V
ተቛየቐ,V
ተቝልዐ,V
ተበለጸ,V
ተበላልዐ,V
ተበላሓተ,V
ተበላሸወ,V
ተበልዐ,V
ተበራረየ,V
ተበራበረ,V
ተበርዓነ,V
ተበርጠጠ,V
ተበቀለ,V
ተበቆጸ,V
ተበተነ,V
ተበታተነ,V
ተበከለ,V
ተበገሰ,V
ተበጽሐ,V
ተባህለ,V
ተባረረ,V
ተባርዐ,V
ተባዝሐ,V
ተባደለ,V
ተብዐ,V
ተተሓሓዘ,V
ተተርጐመ,V
ተተስፈወ,V
ተተነወ,V
ተተናኾለ,V
ተተንከፈ,V
ተተኮሰ,V
ተተኰሰ,V
ተተዐ,V
ተታሕዘ,V
ተታተየ,V
ተታኸሰ,V
ተነቘተ,V
ተነቝተ,V
ተነበየ,V
ተነዓዓበ,V
ተነዝሐ,V
ተነዝነዘ,V
ተነግረ,V
ተነጸለ,V
ተነጸረ,V
ተነፍሐ,V
ተናስሐ,V
ተናኸሰ,V
ተናወጸ,V
ተናዘዘ,V
ተናገፈ,V
ተናጎጸ,V
ተናጐጸ,V
ተናፈጠ,V
ተንሰአ,V
ተንሳፈፈ,V
ተንስአ,V
ተንቀሳቐሰ,V
ተንቀጥቀጠ,V
ተንበየ,V
ተንከየ,V
ተንከፈ,V
ተንዐ,V
ተንጠልጠለ,V
ተንፈጥፈጠ,V
ተኣልከ,V
ተኣመነ,V
ተኣማመነ,V
ተኣሳሰረ,V
ተኣስረ,V
ተኣነነ,V
ተኣከበ,V
ተኣወደ,V
ተኣወጀ,V
ተኣዘዘ,V
ተኣደበ,V
ተከበ,V
ተከዘ,V
ተክአ,V
ተኮሰ,V
ተኰሰ,V
ተኸለ,V
ተኸላኸለ,V
ተኸራኸረ,V
ተኸተለ,V
ተኸታተለ,V
ተኸናኸነ,V
ተኸወለ,V
ተኸየፈ,V
ተኸደነ,V
ተኸድነ,V
ተኸፋፈለ,V
ተኸፍለ,V
ተኻሕሰ,V
ተኻረየ,V
ተኻትዐ,V
ተኻእለ,V
ተኻየደ,V
ተኻፈለ,V
ተኽተኸ,V
ተኽአ,V
ተኾሓሓለ,V
ተዀሓሓለ,V
ተዀርመየ,V
ተዀበ,V
ተዀተዀ,V
ተዀናተረ,V
ተዀየ,V
ተዃሸመ,V
ተዃተዀ,V
ተወሃሃበ,V
ተወሃሃደ,V
ተወላወለ,V
ተወልደ,V
ተወረረ,V
ተወራረደ,V
ተወስደ,V
ተወንጨፈ,V
ተወከሰ,V
ተወዓዓለ,V
ተወዛወዘ,V
ተወዳደረ,V
ተወድዐ,V
ተወግረ,V
ተወግአ,V
ተወጠመ,V
ተወጠረ,V
ተወጥሐ,V
ተወጸለ,V
ተዋሃሃደ,V
ተዋሃደ,V
ተዋህበ,V
ተዋሓሰ,V
ተዋሕጠ,V
ተዋረደ,V
ተዋሰነ,V
ተዋስአ,V
ተዋነየ,V
ተዋዘየ,V
ተዋገየ,V
ተዓለመ,V
ተዓልወ,V
ተዓምጸጸ,V
ተዓረቐ,V
ተዓራረኸ,V
ተዓቐበ,V
ተዓቖበ,V
ተዓብሰ,V
ተዓንቀፈ,V
ተዓዃለለ,V
ተዓወተ,V
ተዓዘበ,V
ተዓዝረ,V
ተዓደየ,V
ተዓገሰ,V
ተዓግተ,V
ተዓጻጸፈ,V
ተዓጽፈ,V
ተዘራረበ,V
ተዘርዘረ,V
ተዘርግሐ,V
ተዛመደ,V
ተዛረበ,V
ተዛተየ,V
ተዛነየ,V
ተዛወረ,V
ተዛዘመ,V
ተደምደመ,V
ተደምጸ,V
ተደረኸ,V
ተደርገመ,V
ተደሰተ,V
ተደቕደቐ,V
ተደባለቐ,V
ተደነቐ,V
ተደናደነ,V
ተደገፈ,V
ተደግመ,V
ተደፍአ,V
ተዳለወ,V
ተዳረቐ,V
ተዳረተ,V
ተዳረገ,V
ተዳወበ,V
ተዳፈረ,V
ተጀሃረ,V
ተጃሃረ,V
ተገለለ,V
ተገልበጠ,V
ተገልገለ,V
ተገመተ,V
ተገምበወ,V
ተገረ,V
ተገረመ,V
ተገራጨወ,V
ተገባበረ,V
ተገብረ,V
ተገብአ,V
ተገንዘበ,V
ተገዛዝዐ,V
ተገደረ,V
ተገጣጠመ,V
ተጋህደ,V
ተጋሰሰ,V
ተጋወረ,V
ተጋገየ,V
ተጋጠመ,V
ተጋጨወ,V
ተግሀ,V
ተጎልበበ,V
ተጎራበተ,V
ተጎብአ,V
ተጎተተ,V
ተጎናጸፈ,V
ተጎናፈጠ,V
ተጐተተ,V
ተጓነጸ,V
ተጓነፈ,V
ተጓዓዘ,V
ተጓዕዘ,V
ተጓየየ,V
ተጠላለፈ,V
ተጠማመረ,V
ተጠምረ,V
ተጠምጠመ,V
ተጠርነቐ,V
ተጠርነፈ,V
ተጠቐመ,V
ተጠቓለለ,V
ተጠቕለለ,V
ተጠቕመ,V
ተጠቕዐ,V
ተጠናነገ,V
ተጠዓሰ,V
ተጠጠቐ,V
ተጣልዐ,V
ተጣመተ,V
ተጣርዐ,V
ተጣበቐ,V
ተጣበበ,V
ተጣዕሰ,V
ተጨምደደ,V
ተጨምገገ,V
ተጨቓጨቐ,V
ተጨበጠ,V
ተጨነቐ,V
ተጨደደ,V
ተጨፍለቐ,V
ተጸልወ,V
ተጸመመ,V
ተጸምቈ,V
ተጸቓቐጠ,V
ተጸቕጠ,V
ተጸበየ,V
ተጸንበረ,V
ተጸየቐ,V
ተጸየፈ,V
ተጸግዐ,V
ተጸጥሐ,V
ተጻልአ,V
ተጻረረ,V
ተጻረደ,V
ተጻረፈ,V
ተጻብአ,V
ተጻወረ,V
ተጻወተ,V
ተጻየፈ,V
ተፈለጠ,V
ተፈላለየ,V
ተፈላሰፈ,V
ተፈልጠ,V
ተፈስሀ,V
ተፈታተነ,V
ተፈትሐ,V
ተፈናጠቐ,V
ተፈናጨለ,V
ተፈንጠዘ,V
ተፈንጨለ,V
ተፈጀረ,V
ተፈገወ,V
ተፈጥረ,V
ተፈጸመ,V
ተፋሕሰ,V
ተፋረየ,V
ተፋተወ,V
ተፋጠጠ,V
ተፍአ,V
ቶኮሰ,V
ነሃረ,V
ነሰተ,V
ነስነሰ,V
ነቀወ,V
ነቐለ,V
ነቑሐ,V
ነቕሐ,V
ነቕነቐ,V
ነቕዐ,V
ነበረ,V
ነብሐ,V
ነብዐ,V
ነተጐ,V
ነቶገ,V
ነኣደ,V
ነከየ,V
ነኽአ,V
ነወመ,V
ነውሐ,V
ነዓቐ,V
ነዝነዘ,V
ነዝዐ,V
ነደቐ,V
ነደደ,V
ነድሐ,V
ነገረ,V
ነገፈ,V
ነጎደ,V
ነጐደ,V
ነጠረ,V
ነጠበ,V
ነጠፈ,V
ነጸየ,V
ነጸገ,V
ነጻጸለ,V
ነፈረ,V
ነፈሰ,V
ነፈየ,V
ነፈጸ,V
ነፍሐ,V
ናበየ,V
ናፈቐ,V
ኣሃየወ,V
ኣህለቐ,V
ኣህለኸ,V
ኣህረረ,V
ኣህሰሰ,V
ኣህደሰ,V
ኣህድአ,V
ኣህጠረ,V
ኣህፈፈ,V
ኣለ,V
ኣለለየ,V
ኣለመ,V
ኣለማመደ,V
ኣለምለመ,V
ኣለስለሰ,V
ኣለቅሐ,V
ኣለኸ,V
ኣለወጠ,V
ኣለዓዓለ,V
ኣለየ,V
ኣላለየ,V
ኣላመደ,V
ኣላሸወ,V
ኣላቅሐ,V
ኣላዓዓለ,V
ኣላዘበ,V
ኣላደየ,V
ኣላደደ,V
ኣላገሰ,V
ኣላገበ,V
ኣላገጸ,V
ኣላግዐ,V
ኣልሓመ,V
ኣልሓቐ,V
ኣልመሰ,V
ኣልመደ,V
ኣልመጸ,V
ኣልምዐ,V
ኣልቀሰ,V
ኣልቀቐ,V
ኣልበሰ,V
ኣልዓለ,V
ኣልዓበ,V
ኣልዓዓለ,V
ኣልዘበ,V
ኣልገሰ,V
ኣልገበ,V
ኣሓለለ,V
ኣሓርፈፈ,V
ኣሓየለ,V
ኣሓደሰ,V
ኣሓጎሰ,V
ኣሓጐሰ,V
ኣሕለፈ,V
ኣሕመቐ,V
ኣሕረረ,V
ኣሕረሰ,V
ኣሕረቐ,V
ኣሕሰመ,V
ኣሕሰረ,V
ኣሕቀቐ,V
ኣሕበረ,V
ኣሕበጠ,V
ኣሕነነ,V
ኣሕነኸ,V
ኣሕወየ,V
ኣሕዘነ,V
ኣሕደረ,V
ኣሕደገ,V
ኣሕጸረ,V
ኣሕፈረ,V
ኣሕፈሰ,V
ኣመላለሰ,V
ኣመልከተ,V
ኣመልክዐ,V
ኣመሓደረ,V
ኣመመ,V
ኣመረተ,V
ኣመራዓዓወ,V
ኣመሳመሰ,V
ኣመሳኸረ,V
ኣመስከረ,V
ኣመስገነ,V
ኣመሽመሸ,V
ኣመተ,V
ኣመቻቸወ,V
ኣመነ,V
ኣመንመነ,V
ኣመንገወ,V
ኣመንጨወ,V
ኣመኽነየ,V
ኣመዛበለ,V
ኣመዛዘነ,V
ኣመዝበለ,V
ኣመግደረ,V
ኣመጻረየ,V
ኣማህመነ,V
ኣማለደ,V
ኣማልአ,V
ኣማሓደረ,V
ኣማሕበረ,V
ኣማረረ,V
ኣማሰለ,V
ኣማሰነ,V
ኣማሰወ,V
ኣማስሐ,V
ኣማቐለ,V
ኣማትአ,V
ኣማኸረ,V
ኣማዓረየ,V
ኣማዕረየ,V
ኣማዕበለ,V
ኣማጽአ,V
ኣምለሰ,V
ኣምለቘ,V
ኣምለኸ,V
ኣምለጠ,V
ኣምሎቐ,V
ኣምሓለ,V
ኣምሓረ,V
ኣምሰለ,V
ኣምበረ,V
ኣምበርከኸ,V
ኣምከነ,V
ኣምከኸ,V
ኣምጽአ,V
ኣሞቐ,V
ኣሞገሰ,V
ኣረሳሰነ,V
ኣረሳስዐ,V
ኣረብረበ,V
ኣረየ,V
ኣረድአ,V
ኣረገ,V
ኣረጋገጸ,V
ኣራብሐ,V
ኣራኸሰ,V
ኣራኸበ,V
ኣራገፈ,V
ኣራጠጠ,V
ኣራጸመ,V
ኣርሓሰ,V
ኣርሓቐ,V
ኣርመመ,V
ኣርሰነ,V
ኣርስሐ,V
ኣርብሐ,V
ኣርነበ,V
ኣርኣየ,V
ኣርከሰ,V
ኣርከበ,V
ኣርክአ,V
ኣርወየ,V
ኣርደየ,V
ኣርገፈ,V
ኣርግአ,V
ኣርጎደ,V
ኣርጐደ,V
ኣሰለፈ,V
ኣሰላሰለ,V
ኣሰልከየ,V
ኣሰማምዐ,V
ኣሰምበረ,V
ኣሰረ,V
ኣሰረተ,V
ኣሰራሰረ,V
ኣሰራጠየ,V
ኣሰሰነ,V
ኣሰነየ,V
ኣሰነፈ,V
ኣሰናበተ,V
ኣሰናኸለ,V
ኣሰናድአ,V
ኣሰንበረ,V
ኣሰንበደ,V
ኣሰንከለ,V
ኣሰወነ,V
ኣሰጋገረ,V
ኣሳለጠ,V
ኣሳሰነ,V
ኣሳሰየ,V
ኣሳቐየ,V
ኣሳተፈ,V
ኣሳነየ,V
ኣሳወረ,V
ኣሳገረ,V
ኣስለለ,V
ኣስለዀ,V
ኣስለጠ,V
ኣስሎኸ,V
ኣስሓቐ,V
ኣስሓተ,V
ኣስመረ,V
ኣስረበ,V
ኣስረጸ,V
ኣስርሐ,V
ኣስቀለ,V
ኣስብሐ,V
ኣስተንፈሰ,V
ኣስተዀ,V
ኣስነቐ,V
ኣስኣነ,V
ኣስከረ,V
ኣስከነ,V
ኣስዓበ,V
ኣስድዐ,V
ኣስገረ,V
ኣስጠመ,V
ኣስፈረ,V
ኣስፈፈ,V
ኣስፍሐ,V
ኣሸቑረረ,V
ኣሸቕበጠ,V
ኣሸበረ,V
ኣሸነፈ,V
ኣሸገረ,V
ኣሸጠ,V
ኣሻቐለ,V
ኣሽረፈ,V
ኣሽክዐ,V
ኣሾምበበ,V
ኣቀላጠፈ,V
ኣቀባበለ,V
ኣቀባጠረ,V
ኣቀናደበ,V
ኣቃለለ,V
ኣቃለበ,V
ኣቃልዐ,V
ኣቃመመ,V
ኣቃደወ,V
ኣቃጠረ,V
ኣቃጸለ,V
ኣቆናጸበ,V
ኣቈራነየ,V
ኣቈናጀወ,V
ኣቈናጸበ,V
ኣቋረጸ,V
ኣቐልጠፈ,V
ኣቐመጠ,V
ኣቐምሰለ,V
ኣቐምዐ,V
ኣቐረበ,V
ኣቐረነ,V
ኣቐየመ,V
ኣቐየረ,V
ኣቐደመ,V
ኣቐጸለ,V
ኣቑሰለ,V
ኣቓነየ,V
ኣቓዘነ,V
ኣቕሃመ,V
ኣቕለለ,V
ኣቕለበ,V
ኣቕሓረ,V
ኣቕረበ,V
ኣቕረጸ,V
ኣቕሰነ,V
ኣቕበጸ,V
ኣቕነነ,V
ኣቕንዐ,V
ኣቕዘዘ,V
ኣቖመ,V
ኣቖንጀወ,V
ኣቖጥዐ,V
ኣቘመ,V
ኣበላሸወ,V
ኣበልጸገ,V
ኣበረኸ,V
ኣበራረየ,V
ኣበራበረ,V
ኣበራትዐ,V
ኣበርትዐ,V
ኣበርከተ,V
ኣበርዓነ,V
ኣበሰረ,V
ኣበሳበሰ,V
ኣበሳጨወ,V
ኣበየ,V
ኣበደ,V
ኣበገሰ,V
ኣበጻጽሐ,V
ኣባሕተወ,V
ኣባረረ,V
ኣባርዐ,V
ኣባኸነ,V
ኣባዝሐ,V
ኣባደመ,V
ኣባጨወ,V
ኣብለየ,V
ኣብልሐ,V
ኣብልዐ,V
ኣብሓተ,V
ኣብረረ,V
ኣብረሰ,V
ኣብረዀ,V
ኣብረየ,V
ኣብርሀ,V
ኣብሰለ,V
ኣብቈለ,V
ኣብነተ,V
ኣብነነ,V
ኣብኣሰ,V
ኣብኮረ,V
ኣብዓለ,V
ኣብዓጠ,V
ኣብዝሐ,V
ኣብጽሐ,V
ኣተሃራረፈ,V
ኣተሓላለፈ,V
ኣተሓሓዘ,V
ኣተረኣኣሰ,V
ኣተርከሰ,V
ኣተሳስአ,V
ኣተስአ,V
ኣተስፈወ,V
ኣተባብዐ,V
ኣተንስአ,V
ኣተንብሀ,V
ኣተንከፈ,V
ኣተንፈሰ,V
ኣተኣማመነ,V
ኣተኣሳሰረ,V
ኣተኣታተወ,V
ኣተኮረ,V
ኣተኰረ,V
ኣተኻኸለ,V
ኣተወ,V
ኣተዓራረየ,V
ኣተዓሻሸወ,V
ኣተዓባበየ,V
ኣተፍስሀ,V
ኣታለለ,V
ኣታረፈ,V
ኣትሓተ,V
ኣትሓዘ,V
ኣትመመ,V
ኣትሞመ,V
ኣትረረ,V
ኣትረፈ,V
ኣትከለ,V
ኣትከረ,V
ኣትዓበ,V
ኣነቓቕሐ,V
ኣነኣኣሰ,V
ኣነወረ,V
ኣነዓዓበ,V
ኣነደረ,V
ኣነጣጠረ,V
ኣነጸረ,V
ኣነጻጸረ,V
ኣናሕሰየ,V
ኣናስሐ,V
ኣናሸወ,V
ኣናበረ,V
ኣናኣሰ,V
ኣናኣኣሰ,V
ኣናኸሰ,V
ኣናወጸ,V
ኣናውሐ,V
ኣናዘዘ,V
ኣናደየ,V
ኣናገፈ,V
ኣናጐጸ,V
ኣናፈሰ,V
ኣንሳሓበ,V
ኣንሳፈፈ,V
ኣንቀለ,V
ኣንቀሳቐሰ,V
ኣንቀጥቀጠ,V
ኣንቀጸ,V
ኣንቍሐ,V
ኣንበረ,V
ኣንበበ,V
ኣንተጐ,V
ኣንቶገ,V
ኣንኣሰ,V
ኣንከሰ,V
ኣንኰለ,V
ኣንውሐ,V
ኣንደለ,V
ኣንደየ,V
ኣንደደ,V
ኣንገሰ,V
ኣንጉሐ,V
ኣንጠልጠለ,V
ኣንጠረ,V
ኣንጠበ,V
ኣንጠፈ,V
ኣንጨበ,V
ኣንጸባረቐ,V
ኣንጸፈ,V
ኣንጽሀ,V
ኣንፈረ,V
ኣንፈሰ,V
ኣንፈጥፈጠ,V
ኣኣንፈተ,V
ኣእመነ,V
ኣእረገ,V
ኣእተወ,V
ኣከላበተ,V
ኣከሻመሸ,V
ኣከበ,V
ኣከናወነ,V
ኣከፋፈለ,V
ኣካረየ,V
ኣካበበ,V
ኣካትዐ,V
ኣካወነ,V
ኣካየደ,V
ኣካፈለ,V
ኣካፍአ,V
ኣኰማስዐ,V
ኣኳለመ,V
ኣኸለ,V
ኣኸተለ,V
ኣኸተመ,V
ኣኻኸበ,V
ኣኽረረ,V
ኣኽሰፈ,V
ኣኽሸፈ,V
ኣኽበረ,V
ኣኽተተ,V
ኣኽኣለ,V
ኣኽፈለ,V
ኣኽፍአ,V
ኣኾምስዐ,V
ኣዀለሰ,V
ኣዀረተ,V
ኣዀረየ,V
ኣዀሰ,V
ኣዃሰየ,V
ኣወሃሃደ,V
ኣወልቀወ,V
ኣወርዘየ,V
ኣወቀበ,V
ኣወናበደ,V
ኣወናደበ,V
ኣወንዘፈ,V
ኣወንጀለ,V
ኣወንጨረ,V
ኣወከለ,V
ኣወጀ,V
ኣወገነ,V
ኣወገደ,V
ኣወጠመ,V
ኣወጻጽአ,V
ኣወፈየ,V
ኣዋሃሃደ,V
ኣዋሃደ,V
ኣዋረደ,V
ኣዋሰበ,V
ኣዋሰነ,V
ኣዋቕዐ,V
ኣዋደደ,V
ኣዋግዐ,V
ኣዋጽአ,V
ኣዋፈረ,V
ኣውሓሰ,V
ኣውሓዘ,V
ኣውሓደ,V
ኣውረሰ,V
ኣውረደ,V
ኣውስአ,V
ኣውክዐ,V
ኣውዓለ,V
ኣውደቐ,V
ኣውጽአ,V
ኣዓረየ,V
ኣዓሸወ,V
ኣዓንበበ,V
ኣዓወነ,V
ኣዕለለ,V
ኣዕመቘ,V
ኣዕሞቐ,V
ኣዕረቐ,V
ኣዕረገ,V
ኣዕረፈ,V
ኣዕበየ,V
ኣዕነወ,V
ኣዕዘዘ,V
ኣዕገበ,V
ኣዕጠረ,V
ኣዘምበለ,V
ኣዘቕበበ,V
ኣዘናበለ,V
ኣዘናግዐ,V
ኣዘንበለ,V
ኣዘንብዐ,V
ኣዘንተወ,V
ኣዘከረ,V
ኣዘኻኸረ,V
ኣዘዋወረ,V
ኣዘዘ,V
ኣዛሕተለ,V
ኣዛመደ,V
ኣዛነየ,V
ኣዛወረ,V
ኣዛዘወ,V
ኣዛየደ,V
ኣዝለቐ,V
ኣዝሓለ,V
ኣዝረወ,V
ኣዝገመ,V
ኣዝገበ,V
ኣዝፈፈ,V
ኣዞረ,V
ኣየረ,V
ኣደልደለ,V
ኣደሓነ,V
ኣደመ,V
ኣደራርዐ,V
ኣደሰተ,V
ኣደስከለ,V
ኣደቀሰ,V
ኣደነቐ,V
ኣደናገረ,V
ኣደናጎየ,V
ኣደናጐየ,V
ኣደንቆረ,V
ኣደንዘዘ,V
ኣደንገረ,V
ኣደንገተ,V
ኣደንጎየ,V
ኣደንጐየ,V
ኣደንጸወ,V
ኣደደ,V
ኣደገለ,V
ኣደፋፈረ,V
ኣዳለወ,V
ኣዳመቐ,V
ኣዳቐሰ,V
ኣዳኸመ,V
ኣዳወሰ,V
ኣድሃበ,V
ኣድለየ,V
ኣድሓረ,V
ኣድሓነ,V
ኣድመቐ,V
ኣድመየ,V
ኣድመጸ,V
ኣድቀለ,V
ኣድቀቐ,V
ኣድበየ,V
ኣድነቐ,V
ኣድከመ,V
ኣድከየ,V
ኣጀመረ,V
ኣጀብጀበ,V
ኣጀጀወ,V
ኣጃጀወ,V
ኣገላገለ,V
ኣገልገለ,V
ኣገማጠለ,V
ኣገረመ,V
ኣገረበ,V
ኣገርሀ,V
ኣገንዘበ,V
ኣገንፈለ,V
ኣገዓዓዘ,V
ኣገደሰ,V
ኣገደደ,V
ኣገደፈ,V
ኣገጣጠመ,V
ኣጉሃየ,V
ኣጉልሐ,V
ኣጉረፈ,V
ኣጉርሐ,V
ኣጉደለ,V
ኣጋለጸ,V
ኣጋሕመጠ,V
ኣጋሕተነ,V
ኣጋነነ,V
ኣጋገየ,V
ኣጋጠመ,V
ኣጋፍዐ,V
ኣግሃደ,V
ኣግለለ,V
ኣግለሰ,V
ኣግርዐ,V
ኣግበረ,V
ኣግብአ,V
ኣግነየ,V
ኣግኣዘ,V
ኣግዓዘ,V
ኣግዘመ,V
ኣግዘፈ,V
ኣግደደ,V
ኣግደፈ,V
ኣግድዐ,V
ኣግጠመ,V
ኣግፍሐ,V
ኣጎለ,V
ኣጎምበወ,V
ኣጎበዘ,V
ኣጎበጠ,V
ኣጎናደበ,V
ኣጎደ,V
ኣጐሃየ,V
ኣጐልበበ,V
ኣጐመ,V
ኣጐናደበ,V
ኣጐዝጐዘ,V
ኣጓነየ,V
ኣጓነፈ,V
ኣጓዓዓዘ,V
ኣጓየየ,V
ኣጕሃየ,V
ኣጠልቀየ,V
ኣጠመ,V
ኣጠመቐ,V
ኣጠራቐመ,V
ኣጠስጠሰ,V
ኣጠቓለለ,V
ኣጠዓዓመ,V
ኣጠዓዓየ,V
ኣጠጥዐ,V
ኣጠፈሸ,V
ኣጠፋፍአ,V
ኣጣለለ,V
ኣጣቕዐ,V
ኣጣበቐ,V
ኣጣጥሐ,V
ኣጣጥአ,V
ኣጥለለ,V
ኣጥለቐ,V
ኣጥለቕለቐ,V
ኣጥሓለ,V
ኣጥመየ,V
ኣጥረየ,V
ኣጥረገ,V
ኣጥቅዐ,V
ኣጥበቐ,V
ኣጥበወ,V
ኣጥነሰ,V
ኣጥዓመ,V
ኣጥዓወ,V
ኣጥዓየ,V
ኣጥፍአ,V
ኣጨቀወ,V
ኣጨቓጨቐ,V
ኣጨብጨበ,V
ኣጨነቐ,V
ኣጨፈቐ,V
ኣጭግዐ,V
ኣጸለለ,V
ኣጸልመተ,V
ኣጸመወ,V
ኣጸምለወ,V
ኣጸምበለ,V
ኣጸረየ,V
ኣጸራረየ,V
ኣጸበቐ,V
ኣጸበየ,V
ኣጸባበቐ,V
ኣጸናንዐ,V
ኣጸንከረ,V
ኣጸየፈ,V
ኣጸገመ,V
ኣጸግዐ,V
ኣጻመደ,V
ኣጻረረ,V
ኣጻበበ,V
ኣጻወደ,V
ኣጻጸየ,V
ኣጽለቘ,V
ኣጽልአ,V
ኣጽሓፈ,V
ኣጽመመ,V
ኣጽምአ,V
ኣጽረረ,V
ኣጽረየ,V
ኣጽበበ,V
ኣጽነተ,V
ኣጽንሐ,V
ኣጽንዐ,V
ኣጽዓቐ,V
ኣጽደቐ,V
ኣጽደፈ,V
ኣጽገየ,V
ኣጽፈፈ,V
ኣጽፍሐ,V
ኣፈልፈለ,V
ኣፈራርሀ,V
ኣፈራርሐ,V
ኣፈስሀ,V
ኣፈንጠዘ,V
ኣፈንፈነ,V
ኣፋለጠ,V
ኣፋረየ,V
ኣፋነወ,V
ኣፋኰሰ,V
ኣፋኾሰ,V
ኣፋዀሰ,V
ኣፋጠነ,V
ኣፍለሰ,V
ኣፍለጠ,V
ኣፍልሐ,V
ኣፍሓተመ,V
ኣፍረሰ,V
ኣፍረየ,V
ኣፍርሐ,V
ኣፍሰሰ,V
ኣፍሸለ,V
ኣፍቀረ,V
ኣፍቀደ,V
ኣፍተወ,V
ኣፍኣመ,V
ኣፍኮሰ,V
ኣፍኰሰ,V
ኣፍዘዘ,V
ኣፍጠጠ,V
እብረ,V
ከለሰ,V
ከልአ,V
ከልከለ,V
ከሓሰ,V
ከሓደ,V
ከምሀ,V
ከምበለ,V
ከምከመ,V
ከርሀ,V
ከርተመ,V
ከርተተ,V
ከርኮተ,V
ከርደነ,V
ከሰረ,V
ከሰሰ,V
ከሰበ,V
ከሸነ,V
ከሸፈ,V
ከሽከሸ,V
ከበበ,V
ከበደ,V
ከብከበ,V
ከተመ,V
ከተረ,V
ከተበ,V
ከተየ,V
ከትከተ,V
ከነበ,V
ከንሸበ,V
ከንተፈ,V
ከኣለ,V
ከወለ,V
ከወመ,V
ከዓወ,V
ከደ,V
ከደመ,V
ከደነ,V
ከድዐ,V
ከፈለ,V
ከፈተ,V
ከፋፈለ,V
ከፍአ,V
ኩዓተ,V
ክዓወ,V
ኮለፈ,V
ኮሓሓለ,V
ኮርመጀ,V
ኮስኮሰ,V
ኮብለለ,V
ኮነ,V
ኮዓተ,V
ኰለፈ,V
ኰላለፈ,V
ኰሓሓለ,V
ኰርኮረ,V
ኰርኰረ,V
ኰስተረ,V
ኰብለለ,V
ኰነ,V
ኰነነ,V
ኰዓተ,V
ኳሓሓለ,V
ኳሕኩሐ,V
ኳሕኵሐ,V
ኳዓተ,V
ወለደ,V
ወልወለ,V
ወልዐ,V
ወልፈሰ,V
ወሓዘ,V
ወሓደ,V
ወሓጠ,V
ወረረ,V
ወረሰ,V
ወረበ,V
ወረደ,V
ወርወረ,V
ወሰበ,V
ወሰነ,V
ወሰኸ,V
ወሰደ,V
ወቐሰ,V
ወቐየ,V
ወቕዐ,V
ወተፈ,V
ወነነ,V
ወንጀለ,V
ወንጨፈ,V
ወከለ,V
ወዓለ,V
ወዝዐ,V
ወደሰ,V
ወደቐ,V
ወደየ,V
ወድአ,V
ወገነ,V
ወገዘ,V
ወገደ,V
ወግአ,V
ወጠረ,V
ወጠነ,V
ወጠጠ,V
ወጨጨ,V
ወጸ,V
ወጸለ,V
ወጽአ,V
ወጽዐ,V
ወፈየ,V
ዋሕለለ,V
ዓለበ,V
ዓለወ,V
ዓመመ,V
ዓመጸ,V
ዓምቦኸ,V
ዓምጸጸ,V
ዓረበ,V
ዓረደ,V
ዓረፈ,V
ዓርነሰ,V
ዓሰለ,V
ዓስከረ,V
ዓሸገ,V
ዓቀበ,V
ዓቐበ,V
ዓቘረ,V
ዓበሰ,V
ዓበየ,V
ዓበጠ,V
ዓባበጠ,V
ዓብለለ,V
ዓነወ,V
ዓንቀረ,V
ዓንቀጸ,V
ዓንቀፈ,V
ዓንደረ,V
ዓንገለ,V
ዓከረ,V
ዓከሰ,V
ዓዅለለ,V
ዓወፈ,V
ዓዘመ,V
ዓየነ,V
ዓየየ,V
ዓየገ,V
ዓደለ,V
ዓደመ,V
ዓደወ,V
ዓደየ,V
ዓደገ,V
ዓገተ,V
ዓጠረ,V
ዓጠቐ,V
ዓጸመ,V
ዓጸወ,V
ዓጸደ,V
ዓጸፈ,V
ዓጻጸፈ,V
ዓፈለ,V
ዓፈረ,V
ዓፈነ,V
ዖለ,V
ዘለለ,V
ዘለመ,V
ዘለቐ,V
ዘለፈ,V
ዘሓለ,V
ዘሓጠ,V
ዘመረ,V
ዘመተ,V
ዘመወ,V
ዘረወ,V
ዘረገ,V
ዘርአ,V
ዘርዐ,V
ዘርዘረ,V
ዘርግሐ,V
ዘቕበበ,V
ዘበለ,V
ዘበጠ,V
ዘባረቐ,V
ዘብረቘ,V
ዘተየ,V
ዘነበ,V
ዘንበለ,V
ዘንበበ,V
ዘንበየ,V
ዘከረ,V
ዘወረ,V
ዘዋወረ,V
ዘዓገ,V
ዘዘወ,V
ዘየደ,V
ዘየገ,V
ዘግበለ,V
ዘፍዘፈ,V
ዛሓለ,V
ዛሕተለ,V
ዛዘመ,V
ዛዘወ,V
ዛየደ,V
ዝሓለ,V
ዝሓዘ,V
ዝርግሐ,V
ዝበኣሰ,V
ዝተመዛዘነ,V
ዝተቐራረበ,V
ዝተኸፋፈለ,V
ዝተኻእለ,V
ዝተዳቐሰ,V
ዝተጻዕነ,V
ዞረ,V
ደሃለ,V
ደሃረ,V
ደሃኸ,V
ደለየ,V
ደልደለ,V
ደሓረ,V
ደመቐ,V
ደመየ,V
ደምሰሰ,V
ደምደመ,V
ደረሰ,V
ደረቐ,V
ደረኸ,V
ደረፈ,V
ደርበየ,V
ደርዐ,V
ደርዓመ,V
ደርደረ,V
ደርጉሐ,V
ደስከለ,V
ደቀሰ,V
ደቆሰ,V
ደቈሰ,V
ደቕደቐ,V
ደቖሰ,V
ደቘሰ,V
ደበነ,V
ደበየ,V
ደብለቐ,V
ደብአ,V
ደብደበ,V
ደነነ,V
ደንገገ,V
ደንገጸ,V
ደንጐየ,V
ደንጸወ,V
ደከለ,V
ደከረ,V
ደኮነ,V
ደኸመ,V
ደወለ,V
ደወሸ,V
ደየበ,V
ደየነ,V
ደገመ,V
ደገሰ,V
ደጉደጐ,V
ደጋገመ,V
ደግደገ,V
ደፈረ,V
ደፈነ,V
ደፋፍአ,V
ደፍአ,V
ዳህሰሰ,V
ዳነየ,V
ዳጐነ,V
ድሓረ,V
ጀለበ,V
ጀልሐ,V
ጀልዐ,V
ጀመረ,V
ጀርበበ,V
ጀነነ,V
ጅለ,V
ገሃሰ,V
ገሃጸ,V
ገለለ,V
ገለበ,V
ገለጸ,V
ገልበጠ,V
ገልጠመ,V
ገመሰ,V
ገመተ,V
ገምገመ,V
ገምጠለ,V
ገረረ,V
ገረፈ,V
ገርሐ,V
ገርነበ,V
ገሰሰ,V
ገሰጸ,V
ገሸ,V
ገበረ,V
ገተረ,V
ገትአ,V
ገንሐ,V
ገንጸለ,V
ገንፈለ,V
ገዓረ,V
ገዓዘ,V
ገዘረ,V
ገዘዘ,V
ገዘፈ,V
ገዝዐ,V
ገደፈ,V
ገጠመ,V
ገጨበ,V
ገጨወ,V
ገፈፈ,V
ገፋፈጠ,V
ገፍሐ,V
ጋበዘ,V
ግደ,V
ጎልበበ,V
ጎልጎለ,V
ጎሓለ,V
ጎምጎመ,V
ጎርጉዐ,V
ጎሰሰ,V
ጎስጎሰ,V
ጎበጠ,V
ጎብአ,V
ጎተተ,V
ጎነየ,V
ጎነጸ,V
ጎንደበ,V
ጎዘየ,V
ጎደለ,V
ጎደነ,V
ጎድአ,V
ጐሃየ,V
ጐልሐ,V
ጐሓለ,V
ጐሓፈ,V
ጐረፈ,V
ጐርነቐ,V
ጐርጐረ,V
ጐሰየ,V
ጐስዐ,V
ጐብአ,V
ጐተተ,V
ጐነጸ,V
ጐነፈ,V
ጐናነጸ,V
ጐንዐ,V
ጐንደበ,V
ጐዘየ,V
ጐየየ,V
ጐደለ,V
ጐጀለ,V
ጐጽጐጸ,V
ጓሃየ,V
ጓሕጉሐ,V
ጓሰሰ,V
ጓሰየ,V
ጠለመ,V
ጠለቐ,V
ጠለበ,V
ጠለፈ,V
ጠላለፈ,V
ጠልቀወ,V
ጠልቀየ,V
ጠሓለ,V
ጠሓሰ,V
ጠሓነ,V
ጠመረ,V
ጠመተ,V
ጠመየ,V
ጠምተ,V
ጠምጠመ,V
ጠረዘ,V
ጠርነቐ,V
ጠርነፈ,V
ጠርዐ,V
ጠርጠረ,V
ጠስነቐ,V
ጠቐመ,V
ጠቐሰ,V
ጠቓቕዐ,V
ጠቕለለ,V
ጠበረ,V
ጠበሰ,V
ጠበቐ,V
ጠበወ,V
ጠብሐ,V
ጠብጠበ,V
ጠናነገ,V
ጠንጠነ,V
ጠወቐ,V
ጠወየ,V
ጠዋወየ,V
ጠዓየ,V
ጠየረ,V
ጠየቐ,V
ጠጅአ,V
ጠጠቐ,V
ጠጠፈ,V
ጠጥዐ,V
ጠፈሸ,V
ጠፍአ,V
ጨለጠ,V
ጨመተ,V
ጨምደደ,V
ጨርሐ,V
ጨቆነ,V
ጨቈነ,V
ጨበጠ,V
ጨነወ,V
ጨንድሐ,V
ጨንጉዐ,V
ጨንፈረ,V
ጨወየ,V
ጨዓየ,V
ጨደረ,V
ጨፍለቐ,V
ጫለደ,V
ጸሃየ,V
ጸለመ,V
ጸለቘ,V
ጸለወ,V
ጸለየ,V
ጸልመተ,V
ጸልአ,V
ጸሎቐ,V
ጸሓፈ,V
ጸመረ,V
ጸመቐ,V
ጸመቘ,V
ጸምለወ,V
ጸምበረ,V
ጸሞቘ,V
ጸረረ,V
ጸረገ,V
ጸረፈ,V
ጸርገወ,V
ጸቐጠ,V
ጸበበ,V
ጸብጸበ,V
ጸነተ,V
ጸንሐ,V
ጸንቀቐ,V
ጸንበለ,V
ጸንበረ,V
ጸንከረ,V
ጸንዐ,V
ጸንጸለ,V
ጸወረ,V
ጸውዐ,V
ጸዓረ,V
ጸዓቐ,V
ጸዓደ,V
ጸየቐ,V
ጸገነ,V
ጸገወ,V
ጸገየ,V
ጸፋፍዐ,V
ጸፍሐ,V
ጸፍዐ,V
ጸፍጸፈ,V
ጻዕደወ,V
ጾረ,V
ፈለመ,V
ፈለሰ,V
ፈለቐ,V
ፈለየ,V
ፈለጠ,V
ፈላለየ,V
ፈልሐ,V
ፈልሰፈ,V
ፈልፈለ,V
ፈሓረ,V
ፈረመ,V
ፈረሰ,V
ፈረቐ,V
ፈረየ,V
ፈረደ,V
ፈራረሰ,V
ፈርሀ,V
ፈሰመ,V
ፈሰሰ,V
ፈሸለ,V
ፈሽበለ,V
ፈቐደ,V
ፈተለ,V
ፈተወ,V
ፈታትሐ,V
ፈትሐ,V
ፈነወ,V
ፈንቀቐ,V
ፈንጠዘ,V
ፈንጥሐ,V
ፈንጨጨ,V
ፈንፈነ,V
ፈኝዐ,V
ፈከረ,V
ፈወሰ,V
ፈዘዘ,V
ፈደየ,V
ፈድፈደ,V
ፈጀረ,V
ፈገረ,V
ፈገገ,V
ፈጠረ,V
ፈጸመ,V
ፋሕፍሐ,V
ፋጸየ,V
ፍሓረ,V
ህንጡይነት,R
ህውቱት,R
ልሙዳዊ,R
ልዕሊ,R
ሎሚ,R
ሓላፋይ,R
ሓሓሊፉ,R
ሓንሳእ,R
ሓዲኡ,R
ሕጂ,R
ሕጂሕጂ,R
መርሓባ,R
መብዛሕትኡ,R
መታን,R
መቸም,R
ማዕዶ,R
ምሒር,R
ምብዳል,R
ምናልባት,R
ምኽንያቱ,R
ረቂቕነት,R
ሳሕቲ,R
ስለዚ,R
ስግር,R
ሽዑ,R
ሽዑኡ,R
ቀሰይ,R
ቀስ,R
ቅድሚ,R
ቅድም,R
በብሓደ,R
በብቕሩብ,R
በቲ,R
ባዕሉ,R
ብ,R
ብሃንደፍደፍ,R
ብሃውሪ,R
ብህድኣት,R
ብለይቲ,R
ብልቢ,R
ብልክዕ,R
ብልዑል,R
ብሓቂ,R
ብሓበን,R
ብሓባር,R
ብሓንሳብ,R
ብሓያሎ,R
ብሓደ,R
ብሓደጋ,R
ብሓጐስ,R
ብሓጺሩ,R
ብሓፈሻኡ,R
ብሓፈሽኡ,R
ብሕልና,R
ብሕልፊ,R
ብሕማቕ,R
ብሕርቃን,R
ብሕቡእ,R
ብመሰረቱ,R
ብመጠኑ,R
ብመጠን,R
ብመፈለምታ,R
ብማእከል,R
ብምሉኡ,R
ብምሉእ,R
ብምስጢር,R
ብምቕናን,R
ብምኽባር,R
ብምዅራይ,R
ብምውቕ,R
ብምውጣር,R
ብምዝባል,R
ብምግሕታን,R
ብምግታር,R
ብምፍላጥ,R
ብርኡይ,R
ብርእሲ,R
ብርጉጽ,R
ብርግኣት,R
ብርግጽ,R
ብሰፊሑ,R
ብስቱር,R
ብስውር,R
ብቅንዕና,R
ብቐሊሉ,R
ብቐሊል,R
ብቐረባ,R
ብቐስ,R
ብቐንዲ,R
ብቐዳምነት,R
ብቐጻልነት,R
ብቑልጡፍ,R
ብቑሩብ,R
ብቑኑዕ,R
ብቕሉዕ,R
ብቕልጡፍ,R
ብቕንዕና,R
ብቕጽበት,R
ብቝሩብ,R
ብባህሪኡ,R
ብብህሎ,R
ብብልሑ,R
ብብልጫ,R
ብተወሳኺ,R
ብተግባር,R
ብትህኪት,R
ብትሕቲ,R
ብትሕትና,R
ብትሪ,R
ብትብዓት,R
ብትኽክል,R
ብናጽላ,R
ብንዕቐት,R
ብንጹል,R
ብንጹር,R
ብኡንብኡ,R
ብኢድ,R
ብኣንጻሩ,R
ብኣኽብሮት,R
ብእምነት,R
ብእዋኑ,R
ብኸንቱ,R
ብኸፊል,R
ብኹራ,R
ብኹርዓት,R
ብወገነይ,R
ብዉሕድ,R
ብዋሕዲ,R
ብውሑዱ,R
ብውሽጢ,R
ብውዕውዕ,R
ብዓይነት,R
ብዕምቘት,R
ብዕብዳን,R
ብዕብድብድ,R
ብዕድል,R
ብዘይሓሶት,R
ብዘይሜላ,R
ብዘይሽግር,R
ብዘይሽፋን,R
ብዘይተገዳስነት,R
ብዘይኣድልዎ,R
ብዘይኩነት,R
ብዘይክዳን,R
ብዘይዕጥይጥይ,R
ብዘይድምጺ,R
ብዘይጥርናፈ,R
ብዛዕባ,R
ብዝኾነ,R
ብዝያዳ,R
ብደይመደይ,R
ብድሌት,R
ብድሕሪት,R
ብድሕሪኡ,R
ብድርቅና,R
ብድርብ,R
ብጃምላ,R
ብጅርግዕግዕ,R
ብገፊሕ,R
ብጋህዲ,R
ብግሁድ,R
ብግሉጽ,R
ብግልባጡ,R
ብግምት,R
ብግቡእ,R
ብግብሪ,R
ብጠቕላላ,R
ብጣዕሚ,R
ብጥራስ,R
ብጥራሽ,R
ብጥርዙ,R
ብጥርጣረ,R
ብጥቓ,R
ብጥንቃቐ,R
ብጭቡጥ,R
ብጸጥታ,R
ብጻዕሪ,R
ብጽላለ,R
ብጽንዓት,R
ብጽፈት,R
ብፍላይ,R
ብፍላጥ,R
ብፍትሒ,R
ብፍጹም,R
ትሕተ,R
ትሕቲ,R
ናብቲ,R
ናብንየው,R
ናብኡ,R
ናብዚ,R
ንለይቲ,R
ንሓዋሩ,R
ንሕድሮ,R
ንርሑቕ,R
ንስክላ,R
ንሽዑ,R
ንቑሩብ,R
ንቕድሚት,R
ንቝሩብ,R
ንበይኑ,R
ንብላሽ,R
ንታሕቲ,R
ንኣሰር,R
ንኣብነት,R
ንእስክላ,R
ንወጻኢ,R
ንዕጽፊ,R
ንዘልኣለም,R
ንየው,R
ንደገ,R
ንድሕሪት,R
ንግዜኡ,R
አረ,R
ኣስታት,R
ኣብንየው,R
ኣብኡ,R
ኣብዚ,R
ኣዐርዩ,R
ኣዚዩ,R
ኣዝዩ,R
ኣይፋል,R
ኣድቂቑ,R
ኣጋ,R
ኣጸቢቑ,R
እምበኣር,R
እምበኣርከስ,R
እምብዛ,R
እሞኸድኣ,R
እነሀ,R
እንሀለ,R
እንተወሓደ,R
እንተውሓደ,R
እውን,R
ከማሁ,R
ከምኡ,R
ከምኡውን,R
ከቶ,R
ኩለንተና,R
ኩሉኹሉ,R
ኩሉግዜ,R
ካበይ,R
ካብኡ,R
ካብዚ,R
ክስዖይ,R
ክንየው,R
ወርትግ,R
ወትሩ,R
ዊንታዊነት,R
ውሩምነት,R
ዓመታዊ,R
ዓቐበታዊ,R
ዕውፍ,R
ዘይበቕዕ,R
ዘይገማገም,R
ዛጊት,R
ዝሓሸ,R
ዝመሳሳል,R
ዝራሐቐ,R
ዝዛየደ,R
ዳሕራይ,R
ዳርጋ,R
ጃምላ,R
ገና,R
ግምጥልሽ,R
ግን,R
ግድነት,R
ጎሮቤት,R
ጸጸኒሑ,R
ፊንታዊነት,R
ፋሕብትን,R
ፍረንዘይርከቦ,R
ሀሁ,N
ሀልመት,N
ሀመታይት,N
ሀማታይት,N
ሀምፕ,N
ሀሞግሎቢን,N
ሀክታር,N
ሀይክ,N
ሀይዘል,N
ሁጉሬ,N
ሁፕላ,N
ሂላል,N
ሂወታዊነት,N
ሂወት,N
ሂያብ,N
ሃህታ,N
ሃለሉያ,N
ሃለዋት,N
ሃለው,N
ሃለውለው,N
ሃለዎ,N
ሃለፍለፍ,N
ሃለፍታ,N
ሃሊቡት,N
ሃላው,N
ሃልሃልታ,N
ሃልመት,N
ሃልማ,N
ሃልበርድ,N
ሃልኪ,N
ሃመማ,N
ሃሚ,N
ሃማድራይድ,N
ሃሜን,N
ሃሜንነት,N
ሃምስተር,N
ሃምበርገር,N
ሃረርታ,N
ሃሪ,N
ሃራሚ,N
ሃርሃር,N
ሃርሞኑዮም,N
ሃርየር,N
ሃሰየት,N
ሃሱስ,N
ሃሴት,N
ሃሻ,N
ሃበል,N
ሃበባ,N
ሃብቲ,N
ሃተውተው,N
ሃተፍተፍ,N
ሃታፍ,N
ሃነይነይታ,N
ሃንቀውታ,N
ሃንደሳ,N
ሃንደበት,N
ሃንደፍታ,N
ሃንዳሲ,N
ሃወሰ,N
ሃወኽ,N
ሃወጽ,N
ሃዋህው,N
ሃዋርያ,N
ሃው,N
ሃውታቲ,N
ሃውታት,N
ሃውኪ,N
ሃዚል,N
ሃዛብ,N
ሃየል,N
ሃይለመልጥነት,N
ሃይማኖታዊነት,N
ሃይማኖታውነት,N
ሃይማኖት,N
ሃይድሮካርቦን,N
ሃይድሮክሎሪክ,N
ሃይድሮጅን,N
ሃይፐርቦላ,N
ሃዲም,N
ሃዳኒት,N
ሃዳናይ,N
ሃድን,N
ሃዶክ,N
ሃጂራ,N
ሃገረሰብ,N
ሃገራውነት,N
ሃገር,N
ሃጓፍ,N
ሃጠውቀጠው,N
ሃጸይ,N
ሃጸይነት,N
ሃጽፊ,N
ሃፋ,N
ሄሊኮፕተር,N
ሄልዮም,N
ሄሞፈልያ,N
ሄሮን,N
ሄሮይን,N
ሄሮግሊፍ,N
ሄዋን,N
ሄዶናዊ,N
ሄዶንነት,N
ህሉውነተኛ,N
ህሉውነታዊ,N
ህላወ,N
ህላውነት,N
ህልቀት,N
ህልቂት,N
ህልከት,N
ህልውና,N
ህሞት,N
ህሩድ,N
ህሩግታ,N
ህርኩትና,N
ህርፋን,N
ህሴት,N
ህበይ,N
ህቡብነት,N
ህቦብላ,N
ህቦብላዊ,N
ህናነ,N
ህንቍው,N
ህንጥይና,N
ህንጻ,N
ህዋ,N
ህዋስ,N
ህውላለ,N
ህውተታ,N
ህውታተ,N
ህውታትያ,N
ህውከተኛ,N
ህውከት,N
ህዝቢ,N
ህየለ,N
ህያውነት,N
ህይወታዊነት,N
ህይወት,N
ህድሃደ,N
ህድማ,N
ህድኣት,N
ህገራ,N
ህጉሬ,N
ህጓፈ,N
ህጥራን,N
ህጥር,N
ህጹጽነት,N
ህጻን,N
ህፈት,N
ህፍቲ,N
ሆላንዳዊ,N
ሆሞግራፍ,N
ሆሪ,N
ሆርሞን,N
ሆሮስኮፕ,N
ሆሳእና,N
ሆስተል,N
ሆስፒታል,N
ሆቴል,N
ሆዊትዘር,N
ሆዳህ,N
ለሓዅ,N
ለሓጸ,N
ለመሰ,N
ለመጭነት,N
ለሙር,N
ለሚን,N
ለማሚ,N
ለማኒ,N
ለምዒ,N
ለሰ,N
ለሳኒ,N
ለቆተ,N
ለቓሕ,N
ለቖታ,N
ለቘታ,N
ለበዳ,N
ለብዒ,N
ለካቲት,N
ለክዐ,N
ለኰተ,N
ለኸየ,N
ለኽባጢ,N
ለዅመኛ,N
ለዋጢ,N
ለውሃት,N
ለውጢ,N
ለዓት,N
ለዛቢነት,N
ለየር,N
ለይቲ,N
ለገሽን,N
ለጋሲ,N
ለጋቢ,N
ለጌዎን,N
ለግሆርን,N
ለጣፊ,N
ለፋዒ,N
ለፍላፊነት,N
ለፎ,N
ሉል,N
ሉቺዶ,N
ሉን,N
ሉኪምያ,N
ሉዝ,N
ሉዶ,N
ሊላ,N
ሊላክ,N
ሊምፍ,N
ሊሞዚን,N
ሊረ,N
ሊቅ,N
ሊቅነት,N
ሊቕ,N
ሊብረተኛ,N
ሊብረቶ,N
ሊትማስ,N
ሊትሮ,N
ሊቶግራፊ,N
ሊንግ,N
ሊንጎ,N
ሊኖልዮም,N
ሊከር,N
ሊኮሪስ,N
ሊግናይት,N
ሊጦን,N
ላህመት,N
ላህጃ,N
ላልሽ,N
ላሕኲ,N
ላሕጸጸ,N
ላም,N
ላምባ,N
ላምባዲና,N
ላምብሬታ,N
ላርቫ,N
ላርች,N
ላርክ,N
ላርጎ,N
ላስቲክ,N
ላሶ,N
ላቔባ,N
ላበርኑም,N
ላቨንደር,N
ላቫ,N
ላቺ,N
ላና,N
ላንቃ,N
ላኻ,N
ላውሪል,N
ላዕለዋይ,N
ላዕሊ,N
ላዛ,N
ላይሶል,N
ላገር,N
ላጉን,N
ላጋቢ,N
ሌላ,N
ሌባ,N
ሌብነት,N
ሌፎ,N
ልህላሀ,N
ልልዋ,N
ልልይ,N
ልሕላሐ,N
ልሕቀት,N
ልሕቲት,N
ልሕጺ,N
ልመና,N
ልሙድነት,N
ልማደኛ,N
ልማድ,N
ልምላመ,N
ልምሰት,N
ልምዲ,N
ልምድታት,N
ልሳን,N
ልቃብ,N
ልቓሕ,N
ልበልባ,N
ልበዳ,N
ልቢ,N
ልብሲ,N
ልብወለድ,N
ልብውት,N
ልብጠት,N
ልቦና,N
ልቦናዊነት,N
ልኡላን,N
ልኡል,N
ልኡልነት,N
ልኡምነት,N
ልኡኻት,N
ልኡኽ,N
ልእልቲ,N
ልክዕነት,N
ልኹፍ,N
ልኻይ,N
ልውህና,N
ልውውጥ,N
ልውየት,N
ልውጥ,N
ልዑላን,N
ልዑልነት,N
ልዕል,N
ልዕልቲ,N
ልዕልነት,N
ልዕልና,N
ልዛይ,N
ልዝብ,N
ልደታዊ,N
ልደት,N
ልዳት,N
ልጉም,N
ልጋሰ,N
ልጋብ,N
ልግሲ,N
ልግስነት,N
ልግሶ,N
ልጎት,N
ልጓም,N
ልጣፍ,N
ልጽቀት,N
ልፋጭ,N
ሎቖታ,N
ሎብልያ,N
ሎብስተር,N
ሎተርያ,N
ሎቶርያ,N
ሎከት,N
ሎኳት,N
ሎዅላዂ,N
ሎጂስቲክ,N
ሎጋሪዝም,N
ሎጋንበሪ,N
ሎግዮን,N
ሐጋዚት,N
ሑጻ,N
ሒለል,N
ሒላብ,N
ሒልጎቦ,N
ሓለቓ,N
ሓለዋ,N
ሓለዋት,N
ሓለገ,N
ሓለፍቲ,N
ሓላሚ,N
ሓላቕምቲ,N
ሓላቢ,N
ሓላኒ,N
ሓላዊ,N
ሓላፊ,N
ሓላፋ,N
ሓላፍነት,N
ሓልዮት,N
ሓሓት,N
ሓመር,N
ሓመዳይ,N
ሓመድ,N
ሓሙስ,N
ሓሙሻይ,N
ሓሙሽተ,N
ሓሙኽሽቲ,N
ሓሙኽሽታይ,N
ሓማላ,N
ሓማዪ,N
ሓሜን,N
ሓምለ,N
ሓምሊ,N
ሓምላይ,N
ሓምሓም,N
ሓምሳ,N
ሓሞት,N
ሓረስታይ,N
ሓረግ,N
ሓረጣ,N
ሓሪም,N
ሓሪሽ,N
ሓሪጋ,N
ሓራሲ,N
ሓራዲ,N
ሓራጅ,N
ሓርማዝ,N
ሓርበኛ,N
ሓርበኝነት,N
ሓርቢ,N
ሓርነት,N
ሓርአ,N
ሓርኢ,N
ሓርከመ,N
ሓርከም,N
ሓርጃም,N
ሓርገጽ,N
ሓርጭ,N
ሓሰማ,N
ሓሰረኛ,N
ሓሰር,N
ሓሰኻ,N
ሓሳረኛ,N
ሓሳባት,N
ሓሳባይ,N
ሓሳብ,N
ሓሳኻ,N
ሓሶት,N
ሓሸራ,N
ሓሸራት,N
ሓሸሽታ,N
ሓሸውታ,N
ሓሹል,N
ሓሺሽ,N
ሓሻሺነት,N
ሓሽለዀ,N
ሓሽላዅ,N
ሓቀኛነት,N
ሓቅታት,N
ሓቅነት,N
ሓቓቒነት,N
ሓቛፊ,N
ሓቛፊት,N
ሓበሬታ,N
ሓበን,N
ሓቢ,N
ሓባሪ,N
ሓባባሊ,N
ሓባጥጐባጥ,N
ሓብሊ,N
ሓብሓብ,N
ሓቦ,N
ሓቦኛነት,N
ሓተላ,N
ሓታሚ,N
ሓታማይ,N
ሓታቲ,N
ሓትኖ,N
ሓነፊያ,N
ሓናቒ,N
ሓናት,N
ሓንካስ,N
ሓንኳሊ,N
ሓንደቛድቚ,N
ሓንዶቛዱቕ,N
ሓንጀመንጂ,N
ሓንጎል,N
ሓንጐል,N
ሓንጠጠ,N
ሓንጸጸ,N
ሓንፈጽ,N
ሓኪም,N
ሓኸለ,N
ሓኽሊ,N
ሓዃሪ,N
ሓወልቲ,N
ሓወልትታት,N
ሓወቦ,N
ሓዊ,N
ሓዊለይቶ,N
ሓዋላ,N
ሓዋሲት,N
ሓዋዝ,N
ሓው,N
ሓውቲ,N
ሓውትነት,N
ሓውጺ,N
ሓዞ,N
ሓየት,N
ሓይሊ,N
ሓደ,N
ሓደቀርኑ,N
ሓደነት,N
ሓዲሽነት,N
ሓዲድ,N
ሓዳር,N
ሓዳሲ,N
ሓድነት,N
ሓድጊ,N
ሓገል,N
ሓገራት,N
ሓገዝ,N
ሓገዝቲ,N
ሓጋዚ,N
ሓጎስ,N
ሓጎበ,N
ሓጐስ,N
ሓጓዲ,N
ሓጓዳይ,N
ሓጢኣተኛ,N
ሓጥእ,N
ሓጥያት,N
ሓጫጪ,N
ሓጹር,N
ሓጺን,N
ሓጻቢት,N
ሓጻባይ,N
ሓጽቢ,N
ሓፈሻውነት,N
ሓፋሽ,N
ሓፋው,N
ሓፍቲ,N
ሕሉም,N
ሕሉው,N
ሕሉፍ,N
ሕላገት,N
ሕልሚ,N
ሕልማዊነት,N
ሕልቅነት,N
ሕልቅና,N
ሕልና,N
ሕልናዊ,N
ሕልኽልኽ,N
ሕልፊ,N
ሕመረት,N
ሕመቕ,N
ሕመት,N
ሕማማት,N
ሕማም,N
ሕሜታ,N
ሕሜት,N
ሕምስቶ,N
ሕምቀት,N
ሕምበሳ,N
ሕምባሻ,N
ሕምብርቲ,N
ሕሞር,N
ሕራመ,N
ሕራስ,N
ሕራይ,N
ሕራጀ,N
ሕርመት,N
ሕርሚ,N
ሕርሻ,N
ሕርቃን,N
ሕርናኻ,N
ሕርካም,N
ሕርኽርኽ,N
ሕርያ,N
ሕርጎ,N
ሕርጓታ,N
ሕርፋፈ,N
ሕርፍና,N
ሕሰም,N
ሕሳብ,N
ሕስረት,N
ሕስራን,N
ሕሹኽሹኽ,N
ሕሽኩል,N
ሕቃቕ,N
ሕቋፍ,N
ሕቑፊ,N
ሕቖ,N
ሕበጥ,N
ሕቡስ,N
ሕባበት,N
ሕብለት,N
ሕብረት,N
ሕብሪ,N
ሕብስቲ,N
ሕብያ,N
ሕብጠት,N
ሕታም,N
ሕቶ,N
ሕቶኣዊ,N
ሕነ,N
ሕና,N
ሕንሕነ,N
ሕንቀት,N
ሕንቃቐ,N
ሕንትኽትኽ,N
ሕንከት,N
ሕንጂጅ,N
ሕንጉር,N
ሕንጉጉ,N
ሕንጋደ,N
ሕንጢት,N
ሕንጥልጥል,N
ሕንጻይ,N
ሕንጻጽ,N
ሕንፋጥ,N
ሕንፋጽ,N
ሕንፍሽፍሽ,N
ሕንፍጽፋጽ,N
ሕካ,N
ሕክምና,N
ሕዋስ,N
ሕውስዋስ,N
ሕውነት,N
ሕውየት,N
ሕዛብ,N
ሕዛእቲ,N
ሕዩር,N
ሕያዋይነት,N
ሕያውነት,N
ሕደሳ,N
ሕዳር,N
ሕዳሰ,N
ሕዳግ,N
ሕድሕዳዊ,N
ሕድሪ,N
ሕድገት,N
ሕጃ,N
ሕጊ,N
ሕጋውነት,N
ሕጋገ,N
ሕጋግ,N
ሕጓ,N
ሕጓድ,N
ሕጡብሉሕ,N
ሕጫጨ,N
ሕጭጭታ,N
ሕጹርነት,N
ሕጹይ,N
ሕጺቲ,N
ሕጻር,N
ሕጽረት,N
ሕጽበት,N
ሕጽኖት,N
ሕጽዕኒ,N
ሕፍሰት,N
መሀረሪ,N
መሃልሃሊት,N
መሃንቱስ,N
መሃዚ,N
መሃዚነት,N
መሃያ,N
መሃይምነት,N
መህረሚ,N
መህሰይቲ,N
መህነጺ,N
መህፈፊ,N
መለለዪ,N
መለማመዲ,N
መለስለሲ,N
መለቘ,N
መለቝ,N
መለበሚ,N
መለንቀይ,N
መለንኪኖ,N
መለኪኖ,N
መለኪያ,N
መለክዒ,N
መለኰታዊነት,N
መለኸት,N
መለዓዓሊ,N
መለግለጋ,N
መለግራና,N
መለጭነት,N
መላመዲ,N
መላእ,N
መላኺት,N
መላገቢ,N
መላገጺ,N
መላግቦ,N
መልህቅ,N
መልህቕ,N
መልሓሰኛ,N
መልሓሰኛነት,N
መልሓስ,N
መልመስቲ,N
መልቀስ,N
መልቝ,N
መልኣኽ,N
መልእኽተኛ,N
መልእኽቲ,N
መልክዕ,N
መልጎም,N
መልፍዒ,N
መሎዲ,N
መሎድራማ,N
መሐበሻ,N
መሐከሚ,N
መሓሰስያ,N
መሓበሪ,N
መሓበሻ,N
መሓንደቕ,N
መሓንገጋ,N
መሓንገጢ,N
መሓዅሮ,N
መሓውር,N
መሓዙ,N
መሓዛ,N
መሓደሲ,N
መሓድሮ,N
መሓግሓጊ,N
መሓጐስ,N
መሕለፊ,N
መሕላም,N
መሕልፎ,N
መሕረሲት,N
መሕቆፊ,N
መሕብኢ,N
መሕነቕያ,N
መሕነን,N
መሕኰርያ,N
መሕጸሪ,N
መሕጸቢ,N
መመላእታ,N
መመልክዒ,N
መመረቕታ,N
መመራስሒ,N
መመሸጥ,N
መመቀሪ,N
መመታተሪ,N
መመቸዊ,N
መመኽነይታ,N
መማህርተይ,N
መማልእቲ,N
መማዕበሊ,N
መማዝንቲ,N
መማጽኢ,N
መምሃሪ,N
መምህር,N
መምልኢ,N
መምርሒ,N
መምርሒታት,N
መምቀሲ,N
መምበርከኺ,N
መምናህቲ,N
መምዘኒ,N
መምጸዪ,N
መሞቒ,N
መረሃጫ,N
መረቕ,N
መረባ,N
መረብረቢ,N
መረተ,N
መረወ,N
መረድኢታት,N
መረጋገጺ,N
መረጋግጾ,N
መሪሕ,N
መሪሕነት,N
መሪድያን,N
መራሃጫ,N
መራለ,N
መራሒ,N
መራሒነት,N
መራሺ,N
መራኸቢ,N
መራኽቦ,N
መራገፊ,N
መራግእቲ,N
መራግጾ,N
መራጺዞባ,N
መራጾ,N
መሬት,N
መርሓ,N
መርሖ,N
መርመራዊ,N
መርማሪ,N
መርሰኒ,N
መርበብ,N
መርትዖ,N
መርኣዪ,N
መርከበኛ,N
መርከብ,N
መርውሓ,N
መርዓት,N
መርዓዊ,N
መርዘን,N
መርድእ,N
መርጀን,N
መርገም,N
መርገጺ,N
መርገጽ,N
መርጊ,N
መርፍእ,N
መሰሌታ,N
መሰል,N
መሰልከይ,N
መሰልፍጎ,N
መሰረት,N
መሰነን,N
መሰነዪ,N
መሰነይቲ,N
መሰነይታ,N
መሰናኽላት,N
መሰናኽል,N
መሰንበድ,N
መሰንገለ,N
መሰንጥቖ,N
መሰከሚ,N
መሰኵዒ,N
መሰጋጋሪ,N
መሰጋግሮ,N
መሰጣሕ,N
መሲሕ,N
መሳለቂ,N
መሳለጥያ,N
መሳልል,N
መሳርሒ,N
መሳርሒነት,N
መሳርሕቲ,N
መሳርዕ,N
መሳርያነት,N
መሳግሮ,N
መሳፍሒ,N
መሳፍርቲ,N
መሳፍሮ,N
መስሓል,N
መስሓቕ,N
መስሓቢ,N
መስሓቲ,N
መስሕብ,N
መስሕት,N
መስመር,N
መስምዒ,N
መስረብ,N
መስራቲ,N
መስርሒ,N
መስርሕ,N
መስርዕ,N
መስቀለኛ,N
መስቀል,N
መስብሒ,N
መስተንክር,N
መስተንፍሶ,N
መስተዂ,N
መስተዋድድ,N
መስተጻምር,N
መስተፋቕር,N
መስታረሪ,N
መስኖ,N
መስአ,N
መስኣሊት,N
መስከረም,N
መስከቶ,N
መስካሪ,N
መስካተል,N
መስኮት,N
መስዋእቲ,N
መስዋእትነት,N
መስድዒ,N
መስገር,N
መስጉፍ,N
መስጊ,N
መስጊድ,N
መስፈር,N
መስፈይቲ,N
መስፍን,N
መስፍንነት,N
መሸላ,N
መሸራሸሪ,N
መሸንቆቓ,N
መሸንቆቛ,N
መሸገ,N
መሸጐር,N
መሸፈኒ,N
መሻርኽቲ,N
መሻንቶ,N
መሻጢ,N
መሽረብ,N
መሽቀቕ,N
መሽጐራጉር,N
መሾምበባ,N
መቃ,N
መቃን,N
መቆጻጸሪ,N
መቍጸርያ,N
መቐለሲ,N
መቐላሒነት,N
መቐልስ,N
መቐመጢ,N
መቐመጫ,N
መቐረት,N
መቐርቀሪ,N
መቐርቀር,N
መቐስ,N
መቐንጠቢ,N
መቐወም,N
መቐዝ,N
መቐየር,N
መቐይሮ,N
መቐጸሊት,N
መቐጸልታ,N
መቑሕ,N
መቑሹሽ,N
መቑነን,N
መቑጸሪ,N
መቑጸርያ,N
መቓሊ,N
መቓልሕ,N
መቓምምቲ,N
መቓምጦ,N
መቓሳይ,N
መቓቐር,N
መቓብር,N
መቓፍር,N
መቕለሐ,N
መቕልሐ,N
መቕረን,N
መቕረዝ,N
መቕርብ,N
መቕሰኒ,N
መቕብኢ,N
መቕነት,N
መቕንዓት,N
መቕወም,N
መቕዘፍ,N
መቕዘፍቲ,N
መቕድም,N
መቕጻዕቲ,N
መቖሚ,N
መቖምያ,N
መቘሚ,N
መቘምዒ,N
መቘጸርያ,N
መቝምዒ,N
መቝነን,N
መበለትነት,N
መበለጺ,N
መበላሸዊ,N
መበላይ,N
መበልጸጊ,N
መበቆል,N
መበቈል,N
መበኮርያ,N
መበጀዊ,N
መበጻጽሒ,N
መባህረር,N
መባህብሂ,N
መባእታ,N
መባዅዕቲ,N
መባዝሒት,N
መብለጭለጪ,N
መብልሒ,N
መብረ,N
መብርሂ,N
መብጽሒ,N
መብጽዓ,N
መተሓላለፊ,N
መተሓላልፎ,N
መተሓሳሰቢ,N
መተሓዃኹሮ,N
መተምባህታ,N
መተረ,N
መተርኣስ,N
መተባብዒ,N
መተንፍሶ,N
መተኣማመኒ,N
መተኣሳሰሪ,N
መተካእታ,N
መተኮሲ,N
መተኰሲ,N
መተዓረቒ,N
መተይን,N
መታልሕ,N
መታሕት,N
መታተዪ,N
መታወር,N
መታፊዚክ,N
መትልሕ,N
መትሎ,N
መትሓጃ,N
መትረብ,N
መትኒ,N
መትከል,N
መትከኽ,N
መትኮብ,N
መትዕብ,N
መነስነሲት,N
መነባብሮ,N
መነወሪ,N
መነዓዓቢ,N
መነጸር,N
መነጻጸሪ,N
መነጽር,N
መና,N
መናራ,N
መናብርቲ,N
መናውራ,N
መናጽርቲ,N
መናፈሲ,N
መናፈሻ,N
መናፍሕ,N
መናፍቕ,N
መን,N
መንህብ,N
መንመነ,N
መንሰልሰሊ,N
መንሸርሸር,N
መንሹር,N
መንሻተቲ,N
መንሻትሒ,N
መንሽሮ,N
መንሽታት,N
መንቀርቀር,N
መንቀጺ,N
መንቂ,N
መንቆርቆር,N
መንቍሕ,N
መንበሪ,N
መንበር,N
መንበስበስታ,N
መንብዒ,N
መንተገ,N
መንታጋይ,N
መንትያ,N
መንትግ,N
መንነት,N
መንእሰይ,N
መንከስ,N
መንኩብ,N
መንኮሊ,N
መንኮርኮር,N
መንኰርኰር,N
መንዛሪ,N
መንዛሪት,N
መንዛዒ,N
መንደልቶ,N
መንደሪኒ,N
መንደቓዊ,N
መንደቕ,N
መንዲል,N
መንጀርበብ,N
መንገብገብ,N
መንገደኛ,N
መንገዲ,N
መንገፊ,N
መንጉዳ,N
መንግስቲ,N
መንግስታዊ,N
መንጎ,N
መንጐኛ,N
መንጠሊና,N
መንጠልጥሎ,N
መንጠሪ,N
መንጢላ,N
መንጣጋይ,N
መንጸርጸሪ,N
መንጸሮር,N
መንጸባረቒ,N
መንጸጊ,N
መንጸፍ,N
መንጽሂ,N
መንጽር,N
መንፈርፈር,N
መንፈሳዊነት,N
መንፈሳውነት,N
መንፈስ,N
መንፊት,N
መንፋሕቲ,N
መንፍቕ,N
መንፍዓት,N
መኛካ,N
መአረምታ,N
መአከብ,N
መአዘኒ,N
መኣረምታ,N
መኣረምያ,N
መኣከብ,N
መኣዛ,N
መኣዝን,N
መኣዲ,N
መእሰሪ,N
መእተወኢ,N
መእተዊ,N
መእቶ,N
መከላኸሊ,N
መከረኛ,N
መከራ,N
መኪና,N
መካ,N
መካበቢያ,N
መካተሻ,N
መካኒክ,N
መካኒክስ,N
መካይዲ,N
መኰነን,N
መኳሓሓሊ,N
መኵሲ,N
መኸል,N
መኸሸኒ,N
መኸተ,N
መኸወሊ,N
መኹንዕ,N
መኻልፍ,N
መኻሪ,N
መኻይዲ,N
መኻይድቲ,N
መኻፈዪ,N
መኽሰብ,N
መኽሳእቲ,N
መኽበሲ,N
መኽዘን,N
መኽደኒ,N
መኽደን,N
መኽድዕ,N
መኽፈቲ,N
መኽፍኢ,N
መኾስተር,N
መዃሕኵሒ,N
መወልወሊ,N
መወልዒ,N
መወሰኽታ,N
መወተፊ,N
መወክስ,N
መወደኒ,N
መወዳእታ,N
መወዳእታነት,N
መወዳደሪ,N
መወዳድርቲ,N
መወጠር,N
መዋሳወሲ,N
መዋስብቲ,N
መዋቕር,N
መዋትነት,N
መዋኢ,N
መዋእል,N
መውሓዝቲ,N
መውረዲ,N
መውስቦ,N
መውቀጥ,N
መውቀፍ,N
መውቃዕቲ,N
መውቅዒ,N
መውዓዪ,N
መውዓይ,N
መውዕሎ,N
መውዘኽዘኺ,N
መውደልደሊ,N
መውጽኢ,N
መዐሸውታ,N
መዐቀኒ,N
መዐገሲ,N
መዓለሚ,N
መዓልቦ,N
መዓልቲ,N
መዓሙቕ,N
መዓር,N
መዓርግ,N
መዓርፎ,N
መዓስከር,N
መዓሸግ,N
መዓናጡ,N
መዓንዘዝ,N
መዓንጣ,N
መዓኮር,N
መዓዛ,N
መዓዲ,N
መዓጎ,N
መዓጡቕ,N
መዕረፊ,N
መዕቆሪ,N
መዕቆቢ,N
መዕበሲ,N
መዕነዊ,N
መዕዘን,N
መዕገርገሪ,N
መዕገቲ,N
መዕጸዊ,N
መዘምራን,N
መዘርገፍ,N
መዘርግሒ,N
መዘናግዒ,N
መዘከሪ,N
መዘከርታ,N
መዘክር,N
መዘኻኸሪ,N
መዘኻኻሪ,N
መዘዝ,N
መዘየቲ,N
መዚ,N
መዛረቢ,N
መዛኒ,N
መዛወሪ,N
መዛዘሚ,N
መዛግብ,N
መዝሓሊ,N
መዝሓሊት,N
መዝሙር,N
መዝቆቕ,N
መዝቈቒ,N
መዝቈቝ,N
መዝበብ,N
መዝበጥቲ,N
መዝነት,N
መዝገብ,N
መዝጋቢ,N
መያቚነት,N
መያቝነት,N
መደለቢ,N
መደልደሊ,N
መደልደል,N
መደምሰስ,N
መደምደምታ,N
መደረ,N
መደረጋሕ,N
መደርብዮ,N
መደሰቲ,N
መደቀሲ,N
መደበር,N
መደብ,N
መደናገሪ,N
መደወል,N
መደዓዓሲ,N
መደያይቦ,N
መደገፊ,N
መደገፍ,N
መደገፍታ,N
መደገፍያ,N
መደጉለጽ,N
መደግደግ,N
መዲና,N
መዳህሰስ,N
መዳልያ,N
መዳሕንቲ,N
መዳሪ,N
መዳርግቲ,N
መዳቕስቲ,N
መዳቕሶ,N
መዳወር,N
መዳወሲ,N
መዳያይቦ,N
መዳይ,N
መዳግፍቲ,N
መዳጎኒ,N
መዳጐኒ,N
መድሃኒት,N
መድሃጽ,N
መድላር,N
መድሎ,N
መድሓኒ,N
መድሕን,N
መድመደ,N
መድማዲት,N
መድረኽ,N
መድረዚ,N
መድርኽ,N
መድቆስቲ,N
መድገምያ,N
መድፈና,N
መድፈዐኛ,N
መድፍዐኛ,N
መድፍዕ,N
መጀለቢ,N
መጀመሪ,N
መጀመርታ,N
መጀመርያ,N
መጂክ,N
መጅኑና,N
መገለል,N
መገሺ,N
መገሻ,N
መገዘ,N
መጉልሒ,N
መጉማጒ,N
መጉስዕ,N
መጉዚ,N
መጉዚት,N
መጉዳእቲ,N
መጉድኢ,N
መጋ,N
መጋሊዝ,N
መጋላበጢ,N
መጋሕፈል,N
መጋረዲ,N
መጋረጃ,N
መጋርያ,N
መጋሳይክል,N
መጋባእያ,N
መጋዝ,N
መጋጥምቲ,N
መግሃር,N
መግለጫ,N
መግለጺ,N
መግሊ,N
መግረዝ,N
መግረፍቲ,N
መግትኢ,N
መግነዚ,N
መግናሕቲ,N
መግዛእቲ,N
መግፈፊ,N
መጎልበቢ,N
መጎተ,N
መጎተኛ,N
መጎታዊ,N
መጎት,N
መጎዓዝያ,N
መጐልበቢ,N
መጐርበቲ,N
መጐተ,N
መጐናደቢ,N
መጓዕዝቲ,N
መጠረስታ,N
መጠረሻ,N
መጠረሽታ,N
መጠርነፊ,N
መጠቕለሊ,N
መጠንቀቕታ,N
መጠዓዓሚ,N
መጠይቕ,N
መጠፋፍኢ,N
መጣምቲ,N
መጣቐዕቲ,N
መጣበቒ,N
መጣበቒት,N
መጣብቕ,N
መጣዊ,N
መጣዕዪ,N
መጣጊ,N
መጣጥሒ,N
መጣጥሖ,N
መጣፉእ,N
መጣፉእነት,N
መጣፋፍኢ,N
መጥሓሊት,N
መጥሓን,N
መጥመሪ,N
መጥምቓዊ,N
መጥቃዕቲ,N
መጥበሲ,N
መጥበዊ,N
መጥበዊት,N
መጥበውቲ,N
መጥባሕቲ,N
መጥብሒ,N
መጥወዪ,N
መጥፊኢ,N
መጥፍኢ,N
መጨረሽታ,N
መጸምስር,N
መጸባበቒ,N
መጸናንዒ,N
መጸወድያ,N
መጸዋዕታ,N
መጸውዒ,N
መጸጉዕ,N
መጻምድቲ,N
መጻረዪ,N
መጻንሒ,N
መጻኢነት,N
መጻወቲ,N
መጻውትቲ,N
መጻዪ,N
መጻይቶ,N
መጻድፎ,N
መጽለሊ,N
መጽሎ,N
መጽሓፍ,N
መጽሔት,N
መጽረሪ,N
መጽረቢ,N
መጽረዪ,N
መጽረጊ,N
መጽቀጥቲ,N
መጽናዕቲ,N
መጽወር,N
መጽዋቲ,N
መጽዓኒ,N
መጽዓን,N
መጽዓኛ,N
መጽፍዒ,N
መፈለምታ,N
መፈላልጦ,N
መፈተንታ,N
መፈንቀቒ,N
መፈንጠራ,N
መፈንጠዚ,N
መፈጸምታ,N
መፋሕፍሒ,N
መፍልሒ,N
መፍሓቝ,N
መፍሰል,N
መፍተል,N
መፍትሒ,N
መፍትሕ,N
መፍኰሲ,N
ሙላህ,N
ሙሕኹልቲ,N
ሙራለ,N
ሙስ,N
ሙቐት,N
ሙታንታ,N
ሙዚቀኛ,N
ሙዚቃ,N
ሙዝ,N
ሙፍቲ,N
ሚሊሽያ,N
ሚልዮን,N
ሚሞዛ,N
ሚሳላዊ,N
ሚሳል,N
ሚሳልነት,N
ሚስልቶ,N
ሚስዮናዊ,N
ሚስዮን,N
ሚሽሚሸ,N
ሚታዶር,N
ሚነው,N
ሚኒስተር,N
ሚኒወት,N
ሚንክ,N
ሚኞነት,N
ሚእቲ,N
ሚእታዊት,N
ሚክሶማቶሲስ,N
ሚዛን,N
ሚዛንነት,N
ሚያዝያ,N
ማሃያ,N
ማህለት,N
ማህረምቲ,N
ማህደር,N
ማህጸን,N
ማሆጋኒ,N
ማለት,N
ማሊን,N
ማላርድ,N
ማላካይት,N
ማል,N
ማልመላታ,N
ማልምሲ,N
ማልበሪ,N
ማልያ,N
ማልዮን,N
ማሕለኻ,N
ማሕላ,N
ማሕረስ,N
ማሕረድቲ,N
ማሕሩርነት,N
ማሕስእ,N
ማሕበር,N
ማሕበርነታዊ,N
ማሕበርነት,N
ማሕቡስ,N
ማሕተም,N
ማሕታ,N
ማሕነቕቲ,N
ማሕዩር,N
ማሕድሮ,N
ማሕጎማ,N
ማሕጎዳ,N
ማሕጐዳ,N
ማሕፉዳ,N
ማማ,N
ማምባ,N
ማሞዝ,N
ማሪት,N
ማሪዋና,N
ማሪጎልድ,N
ማራስኪኖ,N
ማራኺት,N
ማራኺነት,N
ማርል,N
ማርማር,N
ማርሞሰት,N
ማርሻ,N
ማርሻቤዲ,N
ማርተሎ,N
ማርቲኒ,N
ማርቲን,N
ማርካ,N
ማርክሰኛ,N
ማርክሳዊ,N
ማርኾት,N
ማርዚፓን,N
ማርጆራም,N
ማርገሪታ,N
ማርጋሪን,N
ማሮኒ,N
ማስቲካ,N
ማስቲፍ,N
ማስቶዶን,N
ማስካራ,N
ማስኬራ,N
ማስክ,N
ማቕ,N
ማቪስ,N
ማቸላዮ,N
ማነኪን,N
ማኑዋለ,N
ማኒላ,N
ማና,N
ማናቲ,N
ማንቲለ,N
ማንካ,N
ማንድራጎራ,N
ማንዶሊኖ,N
ማንጅ,N
ማንገል,N
ማንጉስ,N
ማንጉስቲን,N
ማንጋኒዝ,N
ማንግሮቭ,N
ማኖብሪዮ,N
ማእለማዊ,N
ማእምን,N
ማእምአ,N
ማእሰርቲ,N
ማእቶት,N
ማእከል,N
ማእከልነት,N
ማእዝን,N
ማእገር,N
ማኪ,N
ማኪንቶሽ,N
ማኪያ,N
ማኪያቨላዊ,N
ማካሩን,N
ማካሮኒ,N
ማካዳም,N
ማክ,N
ማክሮ,N
ማዓንጣ,N
ማዓጥቖ,N
ማዕሙቕ,N
ማዕርነታዊ,N
ማዕርነት,N
ማዕቀብ,N
ማዕባሊነት,N
ማዕተብ,N
ማዕከን,N
ማዕጠቕ,N
ማዕጺድ,N
ማዕጾ,N
ማየስትሮ,N
ማዩኒዝ,N
ማይ,N
ማይለኛ,N
ማይል,N
ማይቤት,N
ማይኖታር,N
ማይካ,N
ማይክሮስኮፕ,N
ማይክሮብ,N
ማይክሮፎን,N
ማዳ,N
ማጀንታ,N
ማጆሊካ,N
ማግነት,N
ማግነትነት,N
ማግነቶ,N
ማግኑም,N
ማግኒዝያ,N
ማግኒዝዮም,N
ማግኖሊያ,N
ማፊን,N
ማፋ,N
ማፍጢ,N
ሜለ,N
ሜላ,N
ሜተር,N
ሜታቦልነት,N
ሜትሮ,N
ሜትሮኖም,N
ሜትሮኣዊ,N
ሜንታ,N
ሜዞቲንት,N
ሜዳ,N
ምሁራት,N
ምሁር,N
ምሁዝ,N
ምሂር,N
ምሄር,N
ምህለላ,N
ምህላለ,N
ምህላኽ,N
ምህላው,N
ምህመና,N
ምህማነ,N
ምህርቲ,N
ምህቃን,N
ምህትፍታፍ,N
ምህናጽ,N
ምህዋስ,N
ምህዞ,N
ምህዳን,N
ምህዳእ,N
ምህዳድ,N
ምህጋር,N
ምህፋፍ,N
ምሉእነታዊ,N
ምሉእነት,N
ምሊሒቶ,N
ምላስ,N
ምላሽ,N
ምላቝ,N
ምልሃም,N
ምልላይ,N
ምልልስ,N
ምልሓም,N
ምልሕላሕ,N
ምልማን,N
ምልማዕ,N
ምልማድ,N
ምልምማድ,N
ምልሶት,N
ምልቃሕ,N
ምልቃቕ,N
ምልቆ,N
ምልቈት,N
ምልታም,N
ምልኣኽ,N
ምልኦ,N
ምልከት,N
ምልኪ,N
ምልካት,N
ምልካዊነት,N
ምልካዕ,N
ምልክታ,N
ምልክት,N
ምልዋጥ,N
ምልውዋጥ,N
ምልዕዓል,N
ምልዛብ,N
ምልጋስ,N
ምልጋብ,N
ምልጋጽ,N
ምሎክ,N
ምሐ,N
ምሓዝ,N
ምሕላን,N
ምሕላው,N
ምሕላፍ,N
ምሕልዋይ,N
ምሕማሕ,N
ምሕማይ,N
ምሕምባስ,N
ምሕረት,N
ምሕራም,N
ምሕራስ,N
ምሕራቕ,N
ምሕራእ,N
ምሕራይ,N
ምሕራጅ,N
ምሕርናኽ,N
ምሕሳር,N
ምሕሳብ,N
ምሕሳው,N
ምሕሽኹሻዂ,N
ምሕቃቕ,N
ምሕቋፍ,N
ምሕባል,N
ምሕባር,N
ምሕባእ,N
ምሕባጥ,N
ምሕታም,N
ምሕታት,N
ምሕናቕ,N
ምሕንባስ,N
ምሕንጋድ,N
ምሕኳር,N
ምሕኵልቲ,N
ምሕዋስ,N
ምሕዋይ,N
ምሕዝነት,N
ምሕዝና,N
ምሕያል,N
ምሕያኽ,N
ምሕዳስ,N
ምሕዳግ,N
ምሕጋዝ,N
ምሕጓስ,N
ምሕጻር,N
ምሕጻብ,N
ምሕጻይ,N
ምሕጽንታ,N
ምሕፋስ,N
ምሕፋሽ,N
ምምሃር,N
ምምሃዝ,N
ምምህላል,N
ምምላስ,N
ምምላእ,N
ምምልካት,N
ምምሓር,N
ምምሕባር,N
ምምሕያሽ,N
ምምሕዳር,N
ምምራሕ,N
ምምራር,N
ምምራቕ,N
ምምራኽ,N
ምምራጽ,N
ምምርማር,N
ምምርሳሕ,N
ምምሳል,N
ምምሳሕ,N
ምምሳን,N
ምምስራት,N
ምምስሳል,N
ምምስናው,N
ምምስካር,N
ምምሽማሽ,N
ምምሽጣር,N
ምምቃል,N
ምምቕራሕ,N
ምምቕቓል,N
ምምብርካኽ,N
ምምታእ,N
ምምንዛዕ,N
ምምእካል,N
ምምካት,N
ምምካን,N
ምምካኽ,N
ምምኻር,N
ምምዕራይ,N
ምምዕባል,N
ምምዝባል,N
ምምዝዛን,N
ምምያ,N
ምምጓት,N
ምምጣን,N
ምምጣጥ,N
ምምጻእ,N
ምምጽራይ,N
ምምጽዋት,N
ምረት,N
ምሩር,N
ምሩኽነት,N
ምራቐ,N
ምራቕ,N
ምራተ,N
ምራን,N
ምራኸ,N
ምራኽ,N
ምራዘ,N
ምርሃጽ,N
ምርሕሓቕ,N
ምርመራ,N
ምርምር,N
ምርሳዕ,N
ምርሳይ,N
ምርሻን,N
ምርቃም,N
ምርቓ,N
ምርቓቕ,N
ምርቓዊ,N
ምርባሕ,N
ምርባሽ,N
ምርባጽ,N
ምርብራብ,N
ምርታዕ,N
ምርኢት,N
ምርኢትነት,N
ምርኣይ,N
ምርኩስ,N
ምርካስ,N
ምርኵስ,N
ምርኻብ,N
ምርዋ,N
ምርዋይ,N
ምርዓም,N
ምርዕውነት,N
ምርይቶ,N
ምርዳእ,N
ምርድዳእ,N
ምርጋእ,N
ምርጋፍ,N
ምርግጋጽ,N
ምርጫ,N
ምሳሌ,N
ምሳር,N
ምሳጠ,N
ምስ,N
ምስለት,N
ምስሉይ,N
ምስሉይነት,N
ምስሊ,N
ምስላ,N
ምስላዅ,N
ምስሌነ,N
ምስሌነናት,N
ምስልምና,N
ምስልካይ,N
ምስልዩነት,N
ምስሒት,N
ምስሓቕ,N
ምስሕሓብ,N
ምስማር,N
ምስማዓዊ,N
ምስማይ,N
ምስምማዕ,N
ምስራሕ,N
ምስራር,N
ምስራብ,N
ምስርጣይ,N
ምስሳይ,N
ምስስል,N
ምስቃል,N
ምስቅልቅል,N
ምስቓይ,N
ምስታይ,N
ምስትላም,N
ምስትምቓር,N
ምስትርሓው,N
ምስትንታን,N
ምስትንዓቕ,N
ምስትንፋስ,N
ምስትውዓል,N
ምስንካል,N
ምስንዳእ,N
ምስንጋው,N
ምስንጣቕ,N
ምስኣል,N
ምስካር,N
ምስካን,N
ምስክር,N
ምስክርነት,N
ምስኳዕ,N
ምስኹዃዕ,N
ምስዋእ,N
ምስዓም,N
ምስዓብ,N
ምስያፍ,N
ምስዮ,N
ምስዳዕ,N
ምስዳድ,N
ምስድማም,N
ምስጋል,N
ምስጋና,N
ምስጋድ,N
ምስግድጋድ,N
ምስግጋር,N
ምስጓም,N
ምስጓግ,N
ምስጓጕ,N
ምስጢራዊነት,N
ምስጢር,N
ምስፋሕ,N
ምስፋር,N
ምስፋፍ,N
ምስፍሕፋሕ,N
ምሻም,N
ምሻጥ,N
ምሻጦ,N
ምሽሕሻሕ,N
ምሽመሻ,N
ምሽማሸ,N
ምሽማት,N
ምሽማው,N
ምሽቓል,N
ምሽባን,N
ምሽንሻን,N
ምሽፋን,N
ምቁላብ,N
ምቁማት,N
ምቁርዶልሺ,N
ምቁንጻብ,N
ምቁጽጻር,N
ምቃል,N
ምቅሊት,N
ምቅላል,N
ምቅላዕ,N
ምቅማም,N
ምቅርራብ,N
ምቅስቃስ,N
ምቅሻሽ,N
ምቅዋም,N
ምቅይያራት,N
ምቅይያር,N
ምቅጻል,N
ምቅጽጻል,N
ምቍራጽ,N
ምቍርራጽ,N
ምቍጽጻር,N
ምቑላዕ,N
ምቑራጽ,N
ምቑሽማድ,N
ምቑናን,N
ምቕሊት,N
ምቕላለ,N
ምቕላላ,N
ምቕላል,N
ምቕላሐ,N
ምቕላም,N
ምቕላብ,N
ምቕላዕ,N
ምቕልቃል,N
ምቕማር,N
ምቕማጥ,N
ምቕራብ,N
ምቕራጽ,N
ምቕሳም,N
ምቕሶ,N
ምቕባል,N
ምቕባር,N
ምቕናን,N
ምቕንጣጥ,N
ምቕንጻል,N
ምቕያም,N
ምቕያር,N
ምቕያድ,N
ምቕዳሕ,N
ምቕጻል,N
ምቕጻዕ,N
ምቛመ,N
ምቛም,N
ምቝማዕ,N
ምቝራጽ,N
ምቝርምራም,N
ምቝጣብ,N
ምቝጣዕ,N
ምቝጻር,N
ምብልላዕ,N
ምብልሻው,N
ምብልጭላጭ,N
ምብሓት,N
ምብራህ,N
ምብራር,N
ምብራስ,N
ምብርራይ,N
ምብርዓን,N
ምብስባስ,N
ምብቋል,N
ምብታኽ,N
ምብትታን,N
ምብኣስ,N
ምብኳዕ,N
ምብኻን,N
ምብዛሕ,N
ምብያድ,N
ምብዳም,N
ምብጋስ,N
ምትሃተ,N
ምትሃት,N
ምትላል,N
ምትሓት,N
ምትሕልላኽ,N
ምትሕልላፍ,N
ምትሕብባር,N
ምትሕንፋጽ,N
ምትሕውዋስ,N
ምትሕግጋዝ,N
ምትማም,N
ምትራር,N
ምትርባዕ,N
ምትርጓም,N
ምትብባዕ,N
ምትንባይ,N
ምትንካፍ,N
ምትንኻፍ,N
ምትእስሳር,N
ምትእትታው,N
ምትካል,N
ምትካር,N
ምትካእ,N
ምትካኽ,N
ምትኳር,N
ምትኳስ,N
ምትኳብ,N
ምትኹታኽ,N
ምትውሻሕ,N
ምትዕራቕ,N
ምትዕርራኽ,N
ምትዕርራይ,N
ምትዕጽጻፍ,N
ምትፍሳህ,N
ምቹእነት,N
ምችኡነት,N
ምቾት,N
ምነና,N
ምናልባትነት,N
ምናት,N
ምናነ,N
ምንማነ,N
ምንስፋፍ,N
ምንሻው,N
ምንሽታት,N
ምንቅስቓስ,N
ምንቅጥቃጥ,N
ምንቋሕ,N
ምንቍልቋል,N
ምንቕቓሕ,N
ምንባር,N
ምንባብ,N
ምንባይ,N
ምንታጒ,N
ምንታጕ,N
ምንትውና,N
ምንኣስ,N
ምንእኣስ,N
ምንካይ,N
ምንኳል,N
ምንዛዐ,N
ምንዛዕ,N
ምንዳል,N
ምንዳይ,N
ምንድቕዳቕ,N
ምንጋር,N
ምንጋው,N
ምንጋጋ,N
ምንጠላ,N
ምንጥልጣል,N
ምንጩው,N
ምንጪ,N
ምንጫወ,N
ምንጭሉቒት,N
ምንጻህ,N
ምንጻል,N
ምንጻር,N
ምንጻግ,N
ምንጻፍ,N
ምንጽብራቕ,N
ምንጽጻር,N
ምንፋሕ,N
ምንፋር,N
ምንፍርፋር,N
ምንፍስፋስ,N
ምኣዝን,N
ምእላይ,N
ምእመናን,N
ምእማም,N
ምእማር,N
ምእማት,N
ምእማን,N
ምእምንና,N
ምእራም,N
ምእራግ,N
ምእብናት,N
ምእታው,N
ምእንቲ,N
ምእካለ,N
ምእካብ,N
ምእዋጅ,N
ምእዘዛ,N
ምእዙዝነት,N
ምእዛዘ,N
ምእዛዝ,N
ምእጓም,N
ምእፋፍ,N
ምከት,N
ምከና,N
ምኩሕሓል,N
ምክልባት,N
ምክልኻል,N
ምክሽማሽ,N
ምክት,N
ምክትል,N
ምክትታል,N
ምክያድ,N
ምክፋል,N
ምክፋእ,N
ምክፍፋል,N
ምኮራ,N
ምኵራብ,N
ምኹስኳስ,N
ምኹናን,N
ምኽላል,N
ምኽላስ,N
ምኽልካል,N
ምኽሓስ,N
ምኽሪ,N
ምኽራፍ,N
ምኽሳስ,N
ምኽባህ,N
ምኽባር,N
ምኽባብ,N
ምኽታ,N
ምኽታል,N
ምኽታም,N
ምኽታብ,N
ምኽትል,N
ምኽነት,N
ምኽኒት,N
ምኽንሻብ,N
ምኽንያት,N
ምኽዋል,N
ምኽያነ,N
ምኽፋል,N
ምኽፋት,N
ምኽፋእ,N
ምኽፋይ,N
ምዃስ,N
ምዅላፍ,N
ምዅምሳዕ,N
ምዅርኳር,N
ምዅዓት,N
ምውሃድ,N
ምውህሃብ,N
ምውህሃድ,N
ምውህላል,N
ምውላዕ,N
ምውላድ,N
ምውላፍ,N
ምውልዋል,N
ምውሓዝ,N
ምውሓድ,N
ምውራር,N
ምውራስ,N
ምውራድ,N
ምውርራድ,N
ምውርዋር,N
ምውሳብ,N
ምውሳን,N
ምውሳእ,N
ምውሳኽ,N
ምውስሳብ,N
ምውስዋስ,N
ምውቃስ,N
ምውቃዕ,N
ምውንጫፍ,N
ምውካስ,N
ምውካእ,N
ምውዕዋዕ,N
ምውዛል,N
ምውዛይ,N
ምውዝዋዝ,N
ምውዳእ,N
ምውዳድ,N
ምውድዳር,N
ምውጃብ,N
ምውጋን,N
ምውጋእ,N
ምውጋዝ,N
ምውጋድ,N
ምውጣሕ,N
ምውጣር,N
ምውጣን,N
ምውጻእ,N
ምውፋር,N
ምውፋይ,N
ምዕልቕላቕ,N
ምዕማጽ,N
ምዕሩግነት,N
ምዕሪት,N
ምዕራቕ,N
ምዕራብ,N
ምዕራፍ,N
ምዕሻው,N
ምዕቃብ,N
ምዕቃን,N
ምዕቋር,N
ምዕባለ,N
ምዕባስ,N
ምዕባይ,N
ምዕታር,N
ምዕናው,N
ምዕንቃፍ,N
ምዕንባብ,N
ምዕንጅሉ,N
ምዕዛብ,N
ምዕዝምዛም,N
ምዕዳል,N
ምዕዳም,N
ምዕዳግ,N
ምዕጃብ,N
ምዕጉርቲ,N
ምዕጋብ,N
ምዕጣር,N
ምዕጻው,N
ምዕጻፍ,N
ምዕፋር,N
ምዝሃም,N
ምዝላቕ,N
ምዝሓል,N
ምዝመዛ,N
ምዝማት,N
ምዝምባል,N
ምዝምባዕ,N
ምዝራብ,N
ምዝራእ,N
ምዝርዛር,N
ምዝርጋሕ,N
ምዝቕባብ,N
ምዝባለ,N
ምዝናብ,N
ምዝንባዕ,N
ምዝንታው,N
ምዝካር,N
ምዝኽኻር,N
ምዝውዋር,N
ምዝዛም,N
ምዝዛው,N
ምዝያድ,N
ምዝገባ,N
ምዝጋል,N
ምዝጋበ,N
ምዝግብ,N
ምይይጥ,N
ምደባ,N
ምዱብነት,N
ምዳበ,N
ምድህላል,N
ምድላው,N
ምድልዳል,N
ምድሓር,N
ምድሓን,N
ምድሕርሓር,N
ምድማር,N
ምድማቕ,N
ምድማይ,N
ምድማጽ,N
ምድምሳስ,N
ምድሪ,N
ምድራቕ,N
ምድራት,N
ምድራኽ,N
ምድራዝ,N
ምድርራብ,N
ምድርጓሕ,N
ምድሳት,N
ምድስካል,N
ምድቃስ,N
ምድቋስ,N
ምድቓል,N
ምድቓቕ,N
ምድባን,N
ምድብ,N
ምድብላቕ,N
ምድናቕ,N
ምድናን,N
ምድናይ,N
ምድንጋር,N
ምድንፋዕ,N
ምድካም,N
ምድካይ,N
ምድኳዕ,N
ምድዋስ,N
ምድዋብ,N
ምድዕዓስ,N
ምድጃ,N
ምድጋም,N
ምድጋፍ,N
ምድግጋም,N
ምድግጋፍ,N
ምድፋር,N
ምድፍፋእ,N
ምጅላብ,N
ምጅማር,N
ምጉላሕ,N
ምጉራፍ,N
ምጉርምራም,N
ምጉርጓሕ,N
ምጉሳዕ,N
ምጉባጥ,N
ምጉብዕባዕ,N
ምጉታት,N
ምጉት,N
ምጉናይ,N
ምጉናጽ,N
ምጉዓዝ,N
ምጉዕዓዝ,N
ምጉዝዛይ,N
ምጉያይ,N
ምጉዳል,N
ምጉጅጃል,N
ምጉጻጽ,N
ምግሃስ,N
ምግሃድ,N
ምግላል,N
ምግላስ,N
ምግላጽ,N
ምግላፍ,N
ምግልባጥ,N
ምግልጋል,N
ምግማት,N
ምግምጋም,N
ምግምጣል,N
ምግራብ,N
ምግራፍ,N
ምግርጫው,N
ምግሳስ,N
ምግስጋስ,N
ምግባር,N
ምግብባር,N
ምግታእ,N
ምግናን,N
ምግዓዝ,N
ምግዕዓዝ,N
ምግዛር,N
ምግዛእ,N
ምግዛፍ,N
ምግደራ,N
ምግዳረ,N
ምግዳድ,N
ምግዳፍ,N
ምግጣም,N
ምግጥጣም,N
ምግጫው,N
ምግፋፍ,N
ምጕት,N
ምጠት,N
ምጡንነት,N
ምጣነ,N
ምጥላቕ,N
ምጥላዕ,N
ምጥላፍ,N
ምጥሓል,N
ምጥሓስ,N
ምጥራዕ,N
ምጥርጣር,N
ምጥስጣስ,N
ምጥቃም,N
ምጥቃስ,N
ምጥቃን,N
ምጥቕላል,N
ምጥባሕ,N
ምጥባቕ,N
ምጥንናግ,N
ምጥውዋይ,N
ምጥዓም,N
ምጥዓው,N
ምጥያቕ,N
ምጥጣዕ,N
ምጥጥን,N
ምጥፋእ,N
ምጫወ,N
ምጭራሕ,N
ምጭራም,N
ምጭራት,N
ምጭቋር,N
ምጭቛ,N
ምጭባጥ,N
ምጭናቕ,N
ምጭውና,N
ምጭዳር,N
ምጭዳድ,N
ምጸት,N
ምጹጽላይ,N
ምጽላም,N
ምጽማም,N
ምጽማቕ,N
ምጽማቚ,N
ምጽማቝ,N
ምጽምባር,N
ምጽራር,N
ምጽራየ,N
ምጽራይ,N
ምጽቃጥ,N
ምጽባእ,N
ምጽብባቕ,N
ምጽብጻብ,N
ምጽናሕ,N
ምጽናት,N
ምጽናዕ,N
ምጽንቃቕ,N
ምጽንባር,N
ምጽንናዕ,N
ምጽንጻን,N
ምጽኣት,N
ምጽዋር,N
ምጽዋት,N
ምጽዋዕ,N
ምጽዋግ,N
ምጽዓቕ,N
ምጽዓን,N
ምጽየት,N
ምጽያቕ,N
ምጽዳቕ,N
ምጽጋም,N
ምጽጋብ,N
ምጽጋን,N
ምጽጋዕ,N
ምጽጓዐ,N
ምጾታት,N
ምፍላም,N
ምፍላስ,N
ምፍላይ,N
ምፍላጥ,N
ምፍልላይ,N
ምፍሕፋሕ,N
ምፍራህ,N
ምፍራስ,N
ምፍራይ,N
ምፍራድ,N
ምፍርራህ,N
ምፍርራሕ,N
ምፍርቕራቕ,N
ምፍሳህ,N
ምፍሳስ,N
ምፍሻል,N
ምፍቃድ,N
ምፍታሕ,N
ምፍታው,N
ምፍትታን,N
ምፍንጣሕ,N
ምፍንጫል,N
ምፍኳስ,N
ምፍዳይ,N
ምፍጣር,N
ምፍጻም,N
ሞለበደኑም,N
ሞለክዩል,N
ሞላ,N
ሞላኣዊ,N
ሞል,N
ሞራላኛ,N
ሞራል,N
ሞራልነት,N
ሞርስ,N
ሞርታር,N
ሞርፊን,N
ሞሮኮ,N
ሞሳ,N
ሞቐ,N
ሞቕሽሽ,N
ሞተረ,N
ሞቶ,N
ሞቶር,N
ሞንሱን,N
ሞንጉስ,N
ሞንጎላዊ,N
ሞኖግራም,N
ሞካዚን,N
ሞዘል,N
ሞዛይክ,N
ሞያ,N
ሞያዊ,N
ሞያዊነት,N
ሞደል,N
ሞደሻ,N
ሞዶሻ,N
ሞገስ,N
ሞጉእ,N
ሞግዚ,N
ሞግዚት,N
ሞግዚትነት,N
ሞጎስ,N
ረሃብ,N
ረሃጽ,N
ረመመ,N
ረመጽ,N
ረምታ,N
ረምጠጠ,N
ረሱስ,N
ረሲእነት,N
ረሲዕነት,N
ረስኒ,N
ረሸሽታ,N
ረሻኒ,N
ረቛሒ,N
ረቡዕ,N
ረባሒ,N
ረባሕታ,N
ረባሺ,N
ረብሓ,N
ረብሻ,N
ረቲና,N
ረን,N
ረክላም,N
ረኻቢ,N
ረኽሲ,N
ረዓደ,N
ረዓዲ,N
ረይ,N
ረይንዲር,N
ረዲኤት,N
ረዳት,N
ረግሓት,N
ረጨነ,N
ረፈረንዱም,N
ረፋዕ,N
ረፍዲ,N
ረፑብሊካዊ,N
ረፑብሊክ,N
ሩለት,N
ሩሕ,N
ሩስያ,N
ሩባ,N
ሩባርብ,N
ሩብል,N
ሩቦ,N
ሩክ,N
ሩዝ,N
ሩግኦ,N
ሩጥባ,N
ሩፒ,N
ሪሓን,N
ሪሕ,N
ሪሞርክዮ,N
ሪስቶ,N
ሪሶል,N
ሪቕ,N
ሪት,N
ሪካሞ,N
ሪፐርቱዋ,N
ሪፓቱዋር,N
ሪፖርታጅ,N
ራህዋ,N
ራህያ,N
ራህዲ,N
ራሓ,N
ራሕ,N
ራሕሲ,N
ራሚኖ,N
ራም,N
ራስያ,N
ራስዮነ,N
ራቖታዊ,N
ራቖት,N
ራቖትነት,N
ራቢ,N
ራቢስ,N
ራታን,N
ራእያዊ,N
ራእይ,N
ራከት,N
ራኩን,N
ራዕዲ,N
ራዝበሪ,N
ራዳር,N
ራድዮ,N
ራድዮማዊ,N
ራድዮም,N
ራጂ,N
ራጃ,N
ራግቢ,N
ራግታይም,N
ራፖ,N
ሬሳ,N
ሬተ,N
ርህራሀ,N
ርህራሄ,N
ርህርህቲ,N
ርሕቀት,N
ርሰቓ,N
ርሳስ,N
ርሳዐ,N
ርሳዕ,N
ርስሓት,N
ርስቲ,N
ርሺ,N
ርቀት,N
ርቃዕ,N
ርቡዓዊ,N
ርባሕ,N
ርባዕ,N
ርብራበ,N
ርብዒ,N
ርብዖ,N
ርቦ,N
ርተባ,N
ርትዒ,N
ርትዓዊነት,N
ርትዓውነት,N
ርእሰ,N
ርእሲ,N
ርእየት,N
ርእይቶ,N
ርከሳ,N
ርኩስ,N
ርካሽምካሽ,N
ርካብ,N
ርክብ,N
ርኮ,N
ርኳን,N
ርኹስነት,N
ርኹብ,N
ርኻብ,N
ርኽሰት,N
ርኽበት,N
ርውሓት,N
ርውየት,N
ርዝነት,N
ርድያቶረ,N
ርጉዲ,N
ርግመት,N
ርግቢት,N
ርግኣት,N
ርግኦ,N
ርግጽነት,N
ርጥራጠ,N
ርፍራፍ,N
ርፍትያ,N
ሮ,N
ሮማን,N
ሮምቡሳዊ,N
ሮራ,N
ሮቢን,N
ሮቦት,N
ሮንዳ,N
ሮኬት,N
ሮክ,N
ሮዋን,N
ሮዘት,N
ሮዝመሪ,N
ሮድ,N
ሮዶደንድሮን,N
ሰለምለሙ,N
ሰለምታ,N
ሰለሰ,N
ሰለስተ,N
ሰለየ,N
ሰለይቲ,N
ሰለፍ,N
ሰሉሎዝ,N
ሰሉሎይድ,N
ሰሉስ,N
ሰላሊ,N
ሰላሕታ,N
ሰላሚ,N
ሰላማዊነት,N
ሰላም,N
ሰላምታ,N
ሰላሳ,N
ሰላንዲን,N
ሰላዪ,N
ሰላይ,N
ሰላጣ,N
ሰሌዳ,N
ሰልሚ,N
ሰልስቶ,N
ሰልካም,N
ሰልዲ,N
ሰልፊ,N
ሰልፋዊ,N
ሰልፋፍ,N
ሰሎፈይን,N
ሰሓቓይ,N
ሰመነ,N
ሰሙን,N
ሰሚናር,N
ሰማንያ,N
ሰማእትነት,N
ሰማዒ,N
ሰማዕቲ,N
ሰማያት,N
ሰማይ,N
ሰማፎሮ,N
ሰሜን,N
ሰምባድነት,N
ሰረበሉም,N
ሰረብራም,N
ሰረተ,N
ሰረት,N
ሰረነይድ,N
ሰረገላ,N
ሰሪ,N
ሰራሒ,N
ሰራሕተኛ,N
ሰራሕተኛታት,N
ሰራሪ,N
ሰራቒ,N
ሰራዊት,N
ሰራዪ,N
ሰርወ,N
ሰርገንት,N
ሰሰን,N
ሰሰዐ,N
ሰሰግ,N
ሰስሓ,N
ሰቓሊ,N
ሰበባ,N
ሰበብ,N
ሰበን,N
ሰበይቲ,N
ሰበይታዊነት,N
ሰበይታይ,N
ሰበይትነት,N
ሰባሪ,N
ሰባት,N
ሰባኺ,N
ሰብ,N
ሰብኡት,N
ሰብኣውነት,N
ሰብኣይ,N
ሰብእነት,N
ሰብዓ,N
ሰቨረ,N
ሰቲ,N
ሰታሪት,N
ሰነድ,N
ሰኑይ,N
ሰናዒ,N
ሰናፍጭ,N
ሰንሰለት,N
ሰንሳላ,N
ሰንቀ,N
ሰንበት,N
ሰንተረ,N
ሰንከላይ,N
ሰንኪ,N
ሰንካቲ,N
ሰንደል,N
ሰንደቕ,N
ሰንደቕነት,N
ሰንጢ,N
ሰንጣቒት,N
ሰንፈላል,N
ሰኛሊኖ,N
ሰኣሊ,N
ሰኣላይ,N
ሰከም,N
ሰኪዐት,N
ሰኪዔት,N
ሰክረታሪ,N
ሰክረታሪያት,N
ሰክስታንት,N
ሰኽራም,N
ሰኽስኽታ,N
ሰዋስወኛ,N
ሰዋስው,N
ሰዓሪ,N
ሰዓቢ,N
ሰዓት,N
ሰዓዕ,N
ሰያፍ,N
ሰይጣን,N
ሰደቓ,N
ሰደኖ,N
ሰደፍ,N
ሰዳዒ,N
ሰዳዲ,N
ሰዳዳይ,N
ሰድያ,N
ሰገባ,N
ሰገነት,N
ሰገን,N
ሰገጠ,N
ሰጋሊ,N
ሰጋእታ,N
ሰጋጢት,N
ሰጓሚነት,N
ሰጓዲ,N
ሰጣሕ,N
ሰፈራ,N
ሰፈር,N
ሰፋሪ,N
ሰፋይት,N
ሰፋፊቶ,N
ሰፍሰፈ,N
ሱልጣን,N
ሱማ,N
ሱራፌል,N
ሱር,N
ሱታፈ,N
ሱታፌ,N
ሱፍ,N
ሱፍለ,N
ሲሊንደር,N
ሲሊካ,N
ሲሊኮን,N
ሲላብል,N
ሲል,N
ሲሚንቶ,N
ሲምባል,N
ሲምፎኒ,N
ሲረና,N
ሲሮሲስ,N
ሲሶ,N
ሲቪላዊ,N
ሲነማ,N
ሲኒክ,N
ሲኒክነት,N
ሲንቁፎይል,N
ሲንክሮትሮን,N
ሲንኮና,N
ሲንዲካልነት,N
ሲኖዶስ,N
ሲኦል,N
ሲካሞር,N
ሲያራ,N
ሲዳር,N
ሲጋር,N
ሳላ,N
ሳላሚ,N
ሳላማንደር,N
ሳልሲፋይ,N
ሳልሳዊ,N
ሳልሳይ,N
ሳልቤታ,N
ሳልቮላቲል,N
ሳልፈር,N
ሳልፎኖሚዳት,N
ሳሎን,N
ሳሕቂ,N
ሳሕቲነት,N
ሳሙና,N
ሳምቡሳ,N
ሳምና,N
ሳምዕ,N
ሳምፓን,N
ሳሞቨር,N
ሳሩኽ,N
ሳሬት,N
ሳርሳፓሪላ,N
ሳርባንድ,N
ሳርታ,N
ሳሳፍራስ,N
ሳብል,N
ሳብስታንስ,N
ሳተላይት,N
ሳቲን,N
ሳትራፕ,N
ሳኒቶሪኦም,N
ሳንቡቕ,N
ሳንቡእ,N
ሳንቲም,N
ሳንኬሎ,N
ሳንዱቕ,N
ሳንጣ,N
ሳእኒ,N
ሳካሪን,N
ሳክ,N
ሳክሪስቲ,N
ሳክስሆርን,N
ሳክሶፎን,N
ሳዕሪ,N
ሳዕሰዓይ,N
ሳዕሳዓይ,N
ሳዕስዒታዊ,N
ሳዕስዒት,N
ሳዕቤን,N
ሳዛ,N
ሳይበርነቲክስ,N
ሳይን,N
ሳይንስ,N
ሳይክ,N
ሳይክላመን,N
ሳይክሎትሮን,N
ሳይክሎን,N
ሳይክያትረኛ,N
ሳይክያትሪ,N
ሳይኮልጂ,N
ሳይደ,N
ሳደኛ,N
ሳዱላ,N
ሳድነት,N
ሳጓ,N
ሳጢር,N
ሳጹን,N
ሳጻ,N
ሳፋ,N
ሳፋሪ,N
ሳፍሮን,N
ሴፍ,N
ስለላ,N
ስለምንታይ,N
ስሉሳን,N
ስሉብ,N
ስሉው,N
ስሉዝ,N
ስሉጥነት,N
ስሉፕ,N
ስሊኮን,N
ስላሲ,N
ስላዕ,N
ስላይድ,N
ስላግ,N
ስልመ,N
ስልማታት,N
ስልማት,N
ስልሳለ,N
ስልተኛ,N
ስልቲ,N
ስልከያ,N
ስልኪ,N
ስልካየ,N
ስልጠት,N
ስልጣነ,N
ስልጣን,N
ስልጣንያ,N
ስሑውነት,N
ስሓ,N
ስሓኒ,N
ስሓፋ,N
ስሕለት,N
ስሕበት,N
ስሕተት,N
ስሕታን,N
ስመልት,N
ስሙም,N
ስሚላክስ,N
ስማመ,N
ስማክ,N
ስማይ,N
ስሜታ,N
ስም,N
ስምምዕ,N
ስምረታዊ,N
ስምረት,N
ስምራግድ,N
ስምስም,N
ስምባደ,N
ስምብራት,N
ስምዒታውነት,N
ስምዒት,N
ስምዓት,N
ስምዕታ,N
ስረ,N
ስረዛ,N
ስሩዕነት,N
ስሪኤል,N
ስራ,N
ስሬት,N
ስርሒት,N
ስርቂ,N
ስርበት,N
ስርኒሕ,N
ስርናይ,N
ስርኤል,N
ስርዓት,N
ስሱዕ,N
ስሳ,N
ስስዐ,N
ስቅያት,N
ስቑረት,N
ስቓይ,N
ስቕተኛ,N
ስብሒ,N
ስብርባር,N
ስብሳብ,N
ስብቀለ,N
ስብቅል,N
ስብቅልነት,N
ስብቅልና,N
ስብቆ,N
ስብእነት,N
ስብከት,N
ስተርጅዮን,N
ስቱድዮ,N
ስታርሊንግ,N
ስታርች,N
ስትረት,N
ስትራይክኒን,N
ስትሮንትዮም,N
ስኒ,N
ስኒት,N
ስናዕ,N
ስንቀን,N
ስንቂ,N
ስንባደ,N
ስንብታ,N
ስንካለ,N
ስንክልና,N
ስንዳአ,N
ስንጉው,N
ስንጣቐ,N
ስንጣቕ,N
ስንጭሮ,N
ስእለራጂ,N
ስእሊ,N
ስእነት,N
ስኩዋ,N
ስኪፍ,N
ስካውት,N
ስኬት,N
ስክለሮሲስ,N
ስክዊድ,N
ስክፍታ,N
ስኮላስቲካዊ,N
ስኮላስቲክነት,N
ስኳዕ,N
ስኳድሮን,N
ስኹላል,N
ስኻን,N
ስኽራም,N
ስኽራን,N
ስኽነት,N
ስኽፍክፍ,N
ስዊድናዊ,N
ስዋስቲካ,N
ስውየት,N
ስውጠት,N
ስዑር,N
ስዕመት,N
ስዕረት,N
ስየ,N
ስያመ,N
ስያፍ,N
ስይስሞግራፍ,N
ስይታ,N
ስደተኛ,N
ስደት,N
ስዲ,N
ስድሪ,N
ስድራ,N
ስድስቶ,N
ስድነት,N
ስገም,N
ስገምሪ,N
ስጉሚ,N
ስጉምቲ,N
ስጊንጢር,N
ስጋ,N
ስጋሽምጢ,N
ስግለት,N
ስግረት,N
ስግኣት,N
ስግደት,N
ስግድግድ,N
ስጎ,N
ስጐት,N
ስጓ,N
ስጓመ,N
ስጓማ,N
ስፊንክስ,N
ስፋይ,N
ስፌት,N
ስፍለት,N
ስፍሒ,N
ስፍሓት,N
ስፍራ,N
ስፐርማስቲ,N
ስፐክትሮስኮፕ,N
ስፒነት,N
ስፒናቺ,N
ስፒድወል,N
ስፓኒያል,N
ስፓይክናርድ,N
ስፓገቲ,N
ስፕራት,N
ስፖርተኛ,N
ስፖርተኛነት,N
ስፖርት,N
ስፖይሪያ,N
ሶሊፕስነት,N
ሶላ,N
ሶላሪዮም,N
ሶል,N
ሶልስቲስ,N
ሶልትፒተር,N
ሶልጫማ,N
ሶሎ,N
ሶምብሬሮ,N
ሶረል,N
ሶርኖ,N
ሶቭየት,N
ሶነት,N
ሶናታ,N
ሶኖ,N
ሶዲዩም,N
ሶዳ,N
ሶፋ,N
ሶፕራኖ,N
ሸለልትነት,N
ሸለን,N
ሸላክ,N
ሸልሓጥ,N
ሸሓኒ,N
ሸመ,N
ሸመተ,N
ሸመታ,N
ሸማቲ,N
ሸማግለ,N
ሸምዳዲ,N
ሸምጠጣ,N
ሸሞንተ,N
ሸረር,N
ሸረሮ,N
ሸሩፍ,N
ሸሪጥ,N
ሸራሒ,N
ሸራረፈ,N
ሸራይክ,N
ሸራፍ,N
ሸርሙጥ,N
ሸርሸር,N
ሸርበ,N
ሸርበት,N
ሸርበጠ,N
ሸርፊ,N
ሸሮኽ,N
ሸሮወይ,N
ሸቃላይ,N
ሸቃሎ,N
ሸቃሎኣዊ,N
ሸቃጣይ,N
ሸቐልቀል,N
ሸቐጥ,N
ሸቓል,N
ሸቕሸቕ,N
ሸቕታ,N
ሸበድበድ,N
ሸበጥ,N
ሸነብ,N
ሸነኽ,N
ሸናኒ,N
ሸናዕ,N
ሸንሸን,N
ሸንቦባ,N
ሸንከረ,N
ሸከል,N
ሸከም,N
ሸኻ,N
ሸኽ,N
ሸውሃት,N
ሸውታ,N
ሸውዓተ,N
ሸያጢ,N
ሸያጢት,N
ሸያጣይ,N
ሸጎጠ,N
ሸጐረ,N
ሸጓሪት,N
ሸጠጥ,N
ሸጥታ,N
ሸፈጥ,N
ሸፋሽፍቲ,N
ሸፋፊቶ,N
ሹመት,N
ሹመኛ,N
ሹሻን,N
ሹቕ,N
ሹቨነኛ,N
ሹቨንነት,N
ሺስት,N
ሺሽ,N
ሺፎን,N
ሻሂ,N
ሻህረማን,N
ሻሕለለ,N
ሻሕጣን,N
ሻሙናይ,N
ሻማ,N
ሻም,N
ሻምብቆ,N
ሻምብቆኣዊ,N
ሻምዋ,N
ሻምፑ,N
ሻምፓን,N
ሻሞት,N
ሻረኛ,N
ሻረይድ,N
ሻርባ,N
ሻርጣን,N
ሻርፓ,N
ሻሽ,N
ሻቛጢ,N
ሻበጥ,N
ሻባቶ,N
ሻቦጥ,N
ሻንደሌር,N
ሻንጣ,N
ሻኲ,N
ሻኳ,N
ሻኵ,N
ሻውዓይ,N
ሻዕ,N
ሻድሻይ,N
ሻጠረ,N
ሻጥር,N
ሻፎ,N
ሼሽ,N
ሽሊንግ,N
ሽላ,N
ሽሓኒ,N
ሽሓዊት,N
ሽሕ,N
ሽሕራዊ,N
ሽሕር,N
ሽሕጣን,N
ሽመታ,N
ሽመት,N
ሽማግለ,N
ሽምባበ,N
ሽምዓ,N
ሽምግልና,N
ሽምጠጣ,N
ሽምጢ,N
ሽምጣጠ,N
ሽራጥ,N
ሽርሙጥና,N
ሽርሽር,N
ሽርባጠ,N
ሽርካ,N
ሽሮፖ,N
ሽቃጥ,N
ሽቓለት,N
ሽቓቕ,N
ሽበራ,N
ሽበት,N
ሽበን,N
ሽቦኣዊ,N
ሽታ,N
ሽቶ,N
ሽቶል,N
ሽነት,N
ሽነና,N
ሽንሸን,N
ሽንሽን,N
ሽንቲ,N
ሽንን,N
ሽንጢ,N
ሽንጥፍ,N
ሽንፍላ,N
ሽካል,N
ሽክና,N
ሽኮራዊ,N
ሽኮርያ,N
ሽኰር,N
ሽኻል,N
ሽወደን,N
ሽዕዑ,N
ሽያጥ,N
ሽድሽተ,N
ሽጉርቲ,N
ሽጉርቶ,N
ሽጉሹግ,N
ሽጉጥ,N
ሽጋራ,N
ሽግ,N
ሽግር,N
ሽግሹግ,N
ሽጐማኖ,N
ሽጣራ,N
ሽፈና,N
ሽፉን,N
ሽፋ,N
ሽፋናት,N
ሽፋን,N
ሽፍራ,N
ሽፍታ,N
ሽፍትነት,N
ሾርማጢ,N
ቀለም,N
ቀለሰ,N
ቀለቤት,N
ቀለቤቶ,N
ቀለብ,N
ቀላል,N
ቀላሚጦስ,N
ቀላሲ,N
ቀላይ,N
ቀልቀል,N
ቀልበኛ,N
ቀልቢ,N
ቀልደዳዊ,N
ቀልደድ,N
ቀሓር,N
ቀመም,N
ቀመር,N
ቀመሰ,N
ቀሚስ,N
ቀሚሽ,N
ቀማሪት,N
ቀማሲ,N
ቀምሽ,N
ቀምሽውሽጢ,N
ቀምቃማይ,N
ቀምታ,N
ቀረባነት,N
ቀረብ,N
ቀረንቀራ,N
ቀረጽ,N
ቀረፈ,N
ቀሪም,N
ቀራና,N
ቀራጺ,N
ቀርሔት,N
ቀርናዕ,N
ቀርጠፈ,N
ቀስሚ,N
ቀስቢ,N
ቀስተ,N
ቀስቲ,N
ቀስታ,N
ቀሸም,N
ቀሺ,N
ቀቁብ,N
ቀቐወት,N
ቀበጸ,N
ቀቢላነት,N
ቀብሪ,N
ቀብዘርዘር,N
ቀታሊት,N
ቀታሊነት,N
ቀትሪ,N
ቀና,N
ቀንዲ,N
ቀንጠመንጢ,N
ቀንጠወ,N
ቀንጣቢ,N
ቀንጪቑንጮ,N
ቀንጻሊ,N
ቀኖና,N
ቀዋሚነት,N
ቀውሲ,N
ቀዛፊ,N
ቀዝሒ,N
ቀያሪ,N
ቀያሲ,N
ቀያዒ,N
ቀያዲ,N
ቀይቃይ,N
ቀይዲ,N
ቀደም,N
ቀዲም,N
ቀዳሒ,N
ቀዳመይቲ,N
ቀዳሚነት,N
ቀዳማዊነት,N
ቀዳም,N
ቀዳምነት,N
ቀዳሲ,N
ቀዳዲ,N
ቀዳዳይ,N
ቀዳድ,N
ቀጠልያ,N
ቀጣፊ,N
ቀጨውጨው,N
ቀጫሊ,N
ቀጻልነት,N
ቀጽል,N
ቀጽሪ,N
ቀጽቀጽ,N
ቀፊር,N
ቁልቁለት,N
ቁልቋለ,N
ቁልበት,N
ቁልዕነት,N
ቁልፊ,N
ቁመት,N
ቁሙጥ,N
ቁማል,N
ቁማጠ,N
ቁምነገር,N
ቁምጣ,N
ቁራስ,N
ቁራዕ,N
ቁራጽ,N
ቁርባበሻ,N
ቁርባን,N
ቁርየት,N
ቁሸት,N
ቁኒን,N
ቁና,N
ቁናኖ,N
ቁንቁኛ,N
ቁንቆና,N
ቁንቋነ,N
ቁንጩል,N
ቁንጪ,N
ቁንጭቁንጮ,N
ቁንጭዕ,N
ቁኖ,N
ቁዘማ,N
ቁጠባ,N
ቁጠዐ,N
ቁጡብነት,N
ቁጣበ,N
ቁጥበት,N
ቁጥዐ,N
ቁጥዕቲ,N
ቁጻር,N
ቁጽሪ,N
ቂም,N
ቂምቂም,N
ቂምተኛነት,N
ቂምታ,N
ቂንቋን,N
ቃለምስጋና,N
ቃላት,N
ቃል,N
ቃልዕ,N
ቃሕታ,N
ቃረዛ,N
ቃራና,N
ቃሬዛ,N
ቃርማ,N
ቃርሳ,N
ቃርፋ,N
ቃታ,N
ቃና,N
ቃንዛ,N
ቃንዳ,N
ቃንጥሻ,N
ቃንጫ,N
ቃዕታ,N
ቃዕያ,N
ቃድራ,N
ቃጭል,N
ቃጽዖ,N
ቃፍላይ,N
ቄሳር,N
ቅለት,N
ቅለጻ,N
ቅሊ,N
ቅላዕ,N
ቅላጥ,N
ቅልወት,N
ቅልዋ,N
ቅልውላው,N
ቅልጣፈ,N
ቅልጥፍና,N
ቅልጽም,N
ቅሑር,N
ቅሙም,N
ቅሚጦ,N
ቅምሶ,N
ቅሩብነት,N
ቅሩጽ,N
ቅራጽ,N
ቅራፍ,N
ቅሬታ,N
ቅርሕንቲ,N
ቅርሱስ,N
ቅርሲ,N
ቅርሺ,N
ቅርቅረ,N
ቅርበት,N
ቅርታ,N
ቅርኒብ,N
ቅርዓት,N
ቅርጥማት,N
ቅርጸት,N
ቅርጺ,N
ቅርፍቲ,N
ቅሳ,N
ቅሳነት,N
ቅስመት,N
ቅስቀሳ,N
ቅስቃሰ,N
ቅሽነት,N
ቅቃሕ,N
ቅበላ,N
ቅበጥ,N
ቅቡልነት,N
ቅቡጽ,N
ቅባለ,N
ቅባውንተኛ,N
ቅባውንቲ,N
ቅብሊት,N
ቅብላ,N
ቅብኢ,N
ቅብኣት,N
ቅብዝር,N
ቅብጣዊ,N
ቅብጥ,N
ቅብጥሮት,N
ቅብጸት,N
ቅነሳ,N
ቅኑዕነት,N
ቅና,N
ቅናስ,N
ቅናት,N
ቅንኣት,N
ቅንዕና,N
ቅንጣብ,N
ቅንፍር,N
ቅንፍዝ,N
ቅዋመ,N
ቅዋመኛ,N
ቅዋም,N
ቅዋምነት,N
ቅዛነት,N
ቅዝፈት,N
ቅየት,N
ቅያ,N
ቅያረ,N
ቅያር,N
ቅያዐ,N
ቅዲ,N
ቅዳሴ,N
ቅዳድ,N
ቅድሚት,N
ቅድስና,N
ቅድወት,N
ቅድድም,N
ቅጥራን,N
ቅጥኒ,N
ቅጥዒ,N
ቅጥፈት,N
ቅጫ,N
ቅጸላ,N
ቅጸት,N
ቅጺ,N
ቅጻለ,N
ቅጽል,N
ቅጽበታዊነት,N
ቅጽጽታ,N
ቆለ,N
ቆለፈ,N
ቆላ,N
ቆላሕታ,N
ቆረነ,N
ቆራጽነት,N
ቆርማድ,N
ቆርቆር,N
ቆርቆሮ,N
ቆርክ,N
ቆርጠምጠማ,N
ቆሽመደ,N
ቆቛሕ,N
ቆብዕ,N
ቆናኒ,N
ቆንስላቶ,N
ቆንቆነ,N
ቆንጀወት,N
ቆዝሞስ,N
ቆየቛ,N
ቆይቊ,N
ቆጣቢነት,N
ቆጥቋጥ,N
ቆጻሪት,N
ቆፎ,N
ቈላሕታ,N
ቈልቋል,N
ቈልዓ,N
ቈማት,N
ቈራቢ,N
ቈራይ,N
ቈራጺ,N
ቈራጽነት,N
ቈርበት,N
ቈርዳድ,N
ቈብዕ,N
ቈንደፈ,N
ቈንዳፍ,N
ቈንጠወ,N
ቈዛሚት,N
ቈየቛ,N
ቈይቊ,N
ቈጥቋጥ,N
ቈጸየ,N
ቈጻሪ,N
ቋቁራ,N
ቋንቋ,N
ቋንጡጥ,N
ቋንጣ,N
ቋዕቋዕታ,N
ቋጸረ,N
ቍልዒ,N
ቍልዕነት,N
ቍልዕና,N
ቍሩሕ,N
ቍሩብ,N
ቍራዕ,N
ቍራጽ,N
ቍርባብሻ,N
ቍርኣን,N
ቍንጣሮ,N
ቍንጭዕሊት,N
ቍንጹብ,N
ቍጠባ,N
ቍጥዐ,N
ቍጻር,N
ቍጽሪ,N
ቍጽጽር,N
በሃም,N
በለሳን,N
በለቕ,N
በለጽ,N
በልጸገ,N
በሓተ,N
በሓይ,N
በረራ,N
በረንዳ,N
በረዀዳ,N
በረድ,N
በሪ,N
በራሪ,N
በራቒቶ,N
በራድ,N
በርሃውታ,N
በርሚል,N
በርቂ,N
በርቆቔ,N
በርቈቐ,N
በርቍሐ,N
በርበረ,N
በርኒቸ,N
በርጋንዲ,N
በርጣጥ,N
በቐል,N
በቐቐ,N
በቕሊ,N
በብተራ,N
በብዓመት,N
በታ,N
በትሪ,N
በትበተ,N
በናጅር,N
በንቲችተ,N
በንዚን,N
በንዞል,N
በንጅር,N
በኻዪ,N
በዓለገ,N
በዓል,N
በዓቲ,N
በዘወ,N
በዚ,N
በዛው,N
በየደ,N
በያኒ,N
በያዲ,N
በይዛጫማ,N
በደለኛ,N
በደል,N
በዱ,N
በዲዶ,N
በዳሂ,N
በድባድ,N
በጃኻ,N
በገና,N
በጊዕ,N
በጋሚንዶ,N
በጋሚንዶነት,N
በጋሚዶ,N
በጠሰ,N
በጣጥሽ,N
በጥሊኒሞብ,N
በጻሒ,N
በጻሕቲ,N
ቡሀር,N
ቡላ,N
ቡልቡል,N
ቡልዶዘር,N
ቡመራንግ,N
ቡረት,N
ቡራኬ,N
ቡስጣ,N
ቡሶላ,N
ቡሸል,N
ቡሽ,N
ቡቃልያነት,N
ቡቕሊ,N
ቡቕቡቕ,N
ቡቕባቘ,N
ቡብ,N
ቡተይኒ,N
ቡቱ,N
ቡት,N
ቡናዊ,N
ቡን,N
ቡኛ,N
ቡድነት,N
ቡፌ,N
ቢልሃርዝያ,N
ቢልያርዶ,N
ቢልዮን,N
ቢረታ,N
ቢራ,N
ቢሮክራሲ,N
ቢሮክራታዊ,N
ቢስመዝ,N
ቢስተካ,N
ቢስቴካ,N
ቢብ,N
ቢቨር,N
ቢተርን,N
ቢንሳ,N
ቢንቶ,N
ቢኪኒ,N
ቢያቲ,N
ቢግል,N
ቢጐንያ,N
ባህለለ,N
ባህሊ,N
ባህሌላ,N
ባህረት,N
ባህሪ,N
ባህርይ,N
ባህበሀ,N
ባህታ,N
ባህጊ,N
ባለ,N
ባሊቃ,N
ባሊና,N
ባላ,N
ባላባት,N
ባሌቲ,N
ባልዕ,N
ባልያ,N
ባልዶንጓ,N
ባልጃ,N
ባልጠጂ,N
ባሕረኛ,N
ባሕሪ,N
ባሕታዊ,N
ባሕታዊነት,N
ባምቡላ,N
ባረላ,N
ባረታ,N
ባሩካ,N
ባሩድ,N
ባሪስታ,N
ባሪቶን,N
ባራፋንጎ,N
ባር,N
ባርቢቶን,N
ባርባራዊ,N
ባርኔጣ,N
ባርኖስ,N
ባርኾት,N
ባርዩም,N
ባሮሜተር,N
ባሮክ,N
ባሱን,N
ባሲለስ,N
ባስትድ,N
ባስካ,N
ባሻ,N
ባሽኮቲ,N
ባብ,N
ባተሪ,N
ባተሪያ,N
ባታ,N
ባችለር,N
ባኒ,N
ባና,N
ባናና,N
ባንቱ,N
ባንከኛ,N
ባንኪ,N
ባንኮ,N
ባንዴራ,N
ባንድ,N
ባንጆ,N
ባኞ,N
ባእሲ,N
ባእባእ,N
ባእታ,N
ባካራ,N
ባክተሪያ,N
ባውዛ,N
ባዕለ,N
ባዕሊ,N
ባዕላዊት,N
ባዕላውነት,N
ባዕላይ,N
ባዕኪ,N
ባዕኳር,N
ባዕዲ,N
ባዙቃ,N
ባዚሊስክ,N
ባዚሊካ,N
ባዚቃ,N
ባዛር,N
ባዛስፈር,N
ባዝራ,N
ባዞ,N
ባይታ,N
ባይቶ,N
ባይናን,N
ባይካርቦነት,N
ባዮስኮፕ,N
ባዴላ,N
ባድሚንተን,N
ባዶሽ,N
ባዶነት,N
ባጀት,N
ባጋተል,N
ባጎኒ,N
ባጫ,N
ባጽዕ,N
ቤላሮባ,N
ቤላቤለው,N
ቤላዶና,N
ቤሪቤሪ,N
ቤት,N
ቤትሮ,N
ቤኮን,N
ብሂል,N
ብሃምነት,N
ብሄር,N
ብህሎ,N
ብህዱእ,N
ብላስትሮ,N
ብሌት,N
ብልሃት,N
ብልሒ,N
ብልሓታት,N
ብልሓት,N
ብልሻወ,N
ብልሽት,N
ብልሽውና,N
ብልቃጥ,N
ብልቱግ,N
ብልዒ,N
ብልዓት,N
ብልጫ,N
ብልጫዊ,N
ብልጭልጭታ,N
ብልጭታ,N
ብልጽግና,N
ብሑትነት,N
ብሒቝ,N
ብሓሰር,N
ብሓፈሻ,N
ብሕተዋኒን,N
ብሕታወ,N
ብሕትው,N
ብሕትውና,N
ብመሰረት,N
ብምቅዋም,N
ብምዃኑ,N
ብምድጋም,N
ብምጉርባት,N
ብምጽራር,N
ብረታዊ,N
ብረት,N
ብረይል,N
ብሩህነት,N
ብሩራዊ,N
ብሩር,N
ብሪም,N
ብሪጅ,N
ብሪግ,N
ብራሕ,N
ብራምብል,N
ብራሾ,N
ብራና,N
ብራንዲ,N
ብራኳ,N
ብራኸ,N
ብሬን,N
ብርለ,N
ብርሓት,N
ብርስን,N
ብርቃሕ,N
ብርቅነት,N
ብርተዐ,N
ብርታዐ,N
ብርትዃን,N
ብርኒሂጎ,N
ብርኪ,N
ብርክታ,N
ብርዒ,N
ብርጣጠ,N
ብርጭቆ,N
ብሮማይን,N
ብሮማይድ,N
ብሮት,N
ብሮንኮ,N
ብሳዕ,N
ብስለት,N
ብስራት,N
ብስናው,N
ብስጭት,N
ብሽክለታ,N
ብሽኮቲ,N
ብሽኰቲ,N
ብሽግለተኛ,N
ብሽግለታ,N
ብቂ,N
ብቋል,N
ብቓል,N
ብቕቧቔ,N
ብቕዓት,N
ብብርታዐ,N
ብብዝሒ,N
ብተዘዋዋሪ,N
ብታነ,N
ብትናሐ,N
ብናን,N
ብንጅር,N
ብኣንጻር,N
ብከላ,N
ብኩል,N
ብኩራት,N
ብካለ,N
ብኹርነት,N
ብኽባዄ,N
ብኽነት,N
ብወዝቢ,N
ብዓልሞያ,N
ብዓውታ,N
ብዕልግና,N
ብዕሪር,N
ብዕራይ,N
ብዘይምሕሳብ,N
ብዘይምድላው,N
ብዙሃን,N
ብዙሕ,N
ብዙሕነት,N
ብዙርያ,N
ብዚ,N
ብዚበቅዕ,N
ብዝሑል,N
ብዝሒ,N
ብዝሓሸ,N
ብዝበለጸ,N
ብዝዛየደ,N
ብያቲ,N
ብያነ,N
ብያንቶኒ,N
ብይን,N
ብደፋእታ,N
ብድሆ,N
ብድመት,N
ብገሳ,N
ብጊሓት,N
ብግብቲ,N
ብጠቕላል,N
ብጣሕ,N
ብጣስ,N
ብጸጋም,N
ብጹእ,N
ብጹእነት,N
ብጻይ,N
ብጻይቲ,N
ብጻይነት,N
ብጽሒት,N
ብጽሓት,N
ብጽሕና,N
ብጽእና,N
ቦሚቸ,N
ቦምባ,N
ቦምብ,N
ቦረጅ,N
ቦራክስ,N
ቦርሳ,N
ቦርሳኢድ,N
ቦስጠኛ,N
ቦብሊን,N
ቦታ,N
ቦንዳ,N
ቦክሳይት,N
ቦኹሪ,N
ቦኹርነት,N
ቦኽባዅ,N
ቦዃሪ,N
ቦወር,N
ቦዘነ,N
ቦዘነት,N
ቦያ,N
ቦጅባጅ,N
ቦጅቦጅ,N
ቦጥ,N
ቦጦሎኒ,N
ቦፍታ,N
ቨልካናይት,N
ቨች,N
ቨይን,N
ቩዱ,N
ቩድነት,N
ቪላ,N
ቪታሚን,N
ቪኩና,N
ቪዮላ,N
ቪድዮ,N
ቫልስ,N
ቫሎር,N
ቫኒላ,N
ቫናድዮም,N
ቫውቸር,N
ቫዘሊን,N
ቫይረስ,N
ቮል,N
ቮልሸቪክ,N
ቮልተጅ,N
ቮልት,N
ተሃዳኒ,N
ተሃድሶ,N
ተለቪዥን,N
ተለዋዋጥነት,N
ተለዋጢ,N
ተለዋጣይ,N
ተለዋጥነት,N
ተለግራም,N
ተለፈሪካ,N
ተለፎን,N
ተለፓሰኛ,N
ተለፓሲ,N
ተለፕሪንተር,N
ተላግዐ,N
ተሌፎን,N
ተልመደን,N
ተልመዴን,N
ተልተለ,N
ተልዮሎጂ,N
ተሓላላኽነት,N
ተሓላቒ,N
ተሓልበ,N
ተሓራሚ,N
ተሓባባሪ,N
ተሓባባርነት,N
ተሓባኒ,N
ተሓናነቐ,N
ተሓንኮኸ,N
ተሓንኰለ,N
ተሓካሚ,N
ተሓዚ,N
ተሓጋጋዚ,N
ተመሃራይ,N
ተመላኺ,N
ተመልካቲ,N
ተመራማሪ,N
ተመራጽነት,N
ተመሳሳልነት,N
ተመስጦ,N
ተመሻጣሪ,N
ተመቃሊ,N
ተመበርካኺነት,N
ተመንሀ,N
ተመኩሮ,N
ተመክሮ,N
ተመክሮኣዊነት,N
ተመዛዘኒ,N
ተመዛዚ,N
ተመጋቢ,N
ተመጣጢነት,N
ተመጻዪ,N
ተማሃሪት,N
ተማሃራይ,N
ተማህላሊ,N
ተማላላሲ,N
ተማራዃሲነት,N
ተማጓቲ,N
ተምሳጥ,N
ተምሳጥነት,N
ተምበልበለ,N
ተረት,N
ተረኣይነት,N
ተረካብ,N
ተረጋረገ,N
ተረፍ,N
ተራሰባት,N
ተራሰብ,N
ተራትዐ,N
ተራኺ,N
ተራኺት,N
ተራፊ,N
ተርሙሰ,N
ተርሚን,N
ተርም,N
ተርበዐ,N
ተርባይን,N
ተርባጽ,N
ተርተረ,N
ተርኒኽ,N
ተርኒፕ,N
ተርን,N
ተርየር,N
ተርጊ,N
ተርጓሚ,N
ተሮዳክቲል,N
ተሰለፈ,N
ተሰሓቢ,N
ተሰምዖ,N
ተሰብቀለ,N
ተሰካሚ,N
ተሳላሚ,N
ተሳረር,N
ተሳታፊ,N
ተሳጋሪ,N
ተስሪሕ,N
ተስፒያዊ,N
ተሸራሸረ,N
ተሸራሻሪ,N
ተሸናሸነ,N
ተሸካሚ,N
ተሻመወ,N
ተሻረኸ,N
ተሻበንቲ,N
ተሻባኒ,N
ተቃላሲ,N
ተቐማጢ,N
ተቐማጦ,N
ተቐባሊት,N
ተቐባላይ,N
ተቐባልነት,N
ተቐያርነት,N
ተቐያይርነት,N
ተቓላሲ,N
ተቓላዒት,N
ተቓታዊ,N
ተቓዋሚ,N
ተቓውሞ,N
ተቓያየረ,N
ተቓጻዊ,N
ተቕማጥ,N
ተቖጥዐ,N
ተቖጻጻሪ,N
ተቘጻጻሪ,N
ተቛመተ,N
ተቛየቒ,N
ተቛየቔ,N
ተቛያቚት,N
ተቛጻጻሪ,N
ተበላሓቲ,N
ተበላዒነት,N
ተበላጺ,N
ተበደለ,N
ተበግሶ,N
ተባረቐ,N
ተባዕታዊነት,N
ተባዕታይ,N
ተባዕታይነት,N
ተተርኣሰ,N
ተተናዀለ,N
ተተኳሲ,N
ተታላሊ,N
ተታኑስ,N
ተትዐ,N
ተነቃፊነት,N
ተነቃፍነት,N
ተነቋቲ,N
ተነቋታይ,N
ተነባዪ,N
ተነነወ,N
ተነካእነት,N
ተነኽነኸ,N
ተነገ,N
ተነጻሊ,N
ተነጽሎ,N
ተኒስ,N
ተናዓበ,N
ተናዓቢ,N
ተንቀሳቐሰት,N
ተንቀሳቐስነት,N
ተንብሃርጆ,N
ተንተነ,N
ተንታኒ,N
ተንች,N
ተንኮለኛ,N
ተንኮለኛነት,N
ተንኮል,N
ተንኮሪሽ,N
ተንኮበት,N
ተንኰል,N
ተንዳእቲ,N
ተኖር,N
ተኣላሚ,N
ተኣመንነት,N
ተኣማንነት,N
ተኣምር,N
ተኣዋዲ,N
ተኣዛዚ,N
ተኣዛዚነት,N
ተኣዛዝነት,N
ተኣጐደ,N
ተኣፋፍነት,N
ተካኢ,N
ተክሲዶ,N
ተክኒካለር,N
ተክኖሎጂ,N
ተክኖክራሲ,N
ተክኖክራታዊ,N
ተኳሲ,N
ተኳሳይ,N
ተኸላኻሊ,N
ተኸላኻሊነት,N
ተኸራኻሪ,N
ተኸባሪነት,N
ተኸተልቲ,N
ተኸታታሊነት,N
ተኸታታልነት,N
ተኸፋሊ,N
ተኹሲ,N
ተኻላኻሊ,N
ተኻራዪ,N
ተኻኣሊነት,N
ተኻፈልነት,N
ተኽሊ,N
ተኽእሎኣዊ,N
ተኾመረ,N
ተኾበ,N
ተዀደመ,N
ተዃሸመት,N
ተዃናታሪ,N
ተዅላ,N
ተዅሲ,N
ተወራራዲ,N
ተወራዛዪ,N
ተወርሶ,N
ተወርወረ,N
ተወርየ,N
ተወሳእቲ,N
ተወሳኺ,N
ተወሳኽ,N
ተወሳወሰ,N
ተወሸበ,N
ተወናዪ,N
ተወናዪት,N
ተወንጠየ,N
ተወንጫፊ,N
ተወዳዳሪ,N
ተወጠሐ,N
ተወፋራይ,N
ተወፋይነት,N
ተዋህዶ,N
ተዋላዋሊ,N
ተዋሰበ,N
ተዋሳኢ,N
ተዋሳኢት,N
ተዋሳኣይ,N
ተዋስኣይ,N
ተዋስኦ,N
ተዋናዪ,N
ተዋናይ,N
ተዋዛዪ,N
ተዋዛይ,N
ተዋዳዳሪ,N
ተዋገአ,N
ተዋጋኢት,N
ተዋጠረ,N
ተዋፋራይ,N
ተዋፋርነት,N
ተውህዶ,N
ተውሳስ,N
ተውሳኽ,N
ተዓላሚ,N
ተዓሳዊ,N
ተዓሻዊ,N
ተዓሻገ,N
ተዓዛቢ,N
ተዓዳዪ,N
ተዓጻጻፍነት,N
ተዘዝታ,N
ተዛምዶ,N
ተዛራቢ,N
ተዛቓሪ,N
ተዛወነ,N
ተዛዋሪ,N
ተዝካር,N
ተደማጺ,N
ተደራቢ,N
ተደርጋሚ,N
ተደቝሰ,N
ተደግሶ,N
ተድላ,N
ተድጊ,N
ተገልበጠት,N
ተገዳስነት,N
ተገፍጨለ,N
ተጋሕተነ,N
ተጋማገመ,N
ተጋተረ,N
ተጋዊ,N
ተጋደለ,N
ተጋዳሊነት,N
ተጋዳላይ,N
ተግሳጽ,N
ተግባር,N
ተጎ,N
ተጐምበወ,N
ተጓሰጠ,N
ተጓሳጢ,N
ተጓሳጣይ,N
ተጠማትነት,N
ተጠማጠመ,N
ተጠራጣርነት,N
ተጠቃሚ,N
ተጠውዮ,N
ተጣላዓይ,N
ተጣባቢ,N
ተጨማደደ,N
ተጫበጠ,N
ተጸልኦ,N
ተጸባጻቢ,N
ተጸናተወ,N
ተጸናጸነ,N
ተጸናጻኒ,N
ተጸንፈፈ,N
ተጸዋርነት,N
ተጸዋታይ,N
ተጸዓኒት,N
ተጻላውነት,N
ተጻራሪነት,N
ተጻራርነት,N
ተጻራድነት,N
ተጻዋርነት,N
ተጻዋቲ,N
ተጻዋታይ,N
ተጻይ,N
ተፈላጥነት,N
ተፈታታኒ,N
ተፈታዊነት,N
ተፈይቶ,N
ተፈጥሮነት,N
ተፒ,N
ቱሊፕ,N
ቱሕቱሓ,N
ቱሪስት,N
ቱርቦጀት,N
ቱርቦፕሮፕ,N
ቱባ,N
ቱቦ,N
ቱቦማይ,N
ቱንቱራ,N
ቱንድራ,N
ቱፋሕ,N
ቲል,N
ቲምበር,N
ቲሞሲ,N
ቲሹ,N
ቲቢ,N
ቲታንዩም,N
ቲት,N
ቲከር,N
ቲከት,N
ቲክ,N
ቲፎ,N
ታህዋኽ,N
ታህዋጽ,N
ታህዲድ,N
ታልሙድ,N
ታልክ,N
ታሕሳስ,N
ታሕዚ,N
ታሕጓስ,N
ታሪኽ,N
ታራጎን,N
ታር,N
ታርቦት,N
ታርፖን,N
ታሽዓይ,N
ታቡ,N
ታባ,N
ታባርድ,N
ታብሎይድ,N
ታቦት,N
ታቱላ,N
ታኒካ,N
ታንሲ,N
ታንተላ,N
ታንክ,N
ታንዃ,N
ታንደም,N
ታንግስተን,N
ታንጎ,N
ታእታእ,N
ታኪን,N
ታክሲ,N
ታኼላ,N
ታዕሊቕ,N
ታዕታዕታ,N
ታይላንዳዊ,N
ታይፒስት,N
ታጂር,N
ታፈተ,N
ታፒር,N
ታፒዮካ,N
ቴሌስኮፕ,N
ቴማ,N
ቴምብር,N
ቴርሞመተር,N
ቴርሞስ,N
ቴርሞዳይናሚክስ,N
ቴስዓ,N
ቴንዳ,N
ቴፕሪኮርደር,N
ትህኪት,N
ትልሂት,N
ትልሚ,N
ትልንቲ,N
ትልዋ,N
ትሑትነት,N
ትሕትና,N
ትሕዘት,N
ትሕዝቶ,N
ትሕጃ,N
ትሕጻጸ,N
ትሚ,N
ትማሊ,N
ትምህርቲ,N
ትምባኾ,N
ትምታ,N
ትምኒት,N
ትምክሕተኛ,N
ትምክሕተኛነት,N
ትምክሕቲ,N
ትረፎይል,N
ትሪ,N
ትሪልቢ,N
ትሪልዮን,N
ትሪሎጂ,N
ትሪሽግለታ,N
ትሪቡና,N
ትሪችክሌታ,N
ትሪኮላታ,N
ትሪጎኖሜትሪ,N
ትራም,N
ትራሽ,N
ትራንዚስተር,N
ትራክተር,N
ትራጀዲ,N
ትራፊክ,N
ትራፍ,N
ትራፍል,N
ትራፖጽ,N
ትርራፖጽዮም,N
ትርባዐ,N
ትርብዒታዊ,N
ትርኢት,N
ትርጁማን,N
ትርጉም,N
ትርግታ,N
ትርጓም,N
ትርፊ,N
ትርፋፍያ,N
ትርፍራፍ,N
ትሮሊ,N
ትሮምበን,N
ትሮስል,N
ትሮያዊ,N
ትሮይ,N
ትስፉውነት,N
ትስፍውና,N
ትሽትሽ,N
ትሽዓተ,N
ትብዓት,N
ትተዐ,N
ትታዕ,N
ትንሓግ,N
ትንሳኤ,N
ትንቢት,N
ትንተና,N
ትንኳዕ,N
ትንጎ,N
ትንፋስ,N
ትእምርቲ,N
ትእምርት,N
ትእዛዛት,N
ትእዛዝ,N
ትኩርነት,N
ትኩርና,N
ትካል,N
ትካአ,N
ትካዘ,N
ትካዜኣዊ,N
ትኳቦ,N
ትኳዕ,N
ትኹል,N
ትኹረት,N
ትኽትኽታ,N
ትኽክልነት,N
ትዃን,N
ትዊድ,N
ትውልዲ,N
ትዕቢት,N
ትዕዝብቲ,N
ትዕይንቲ,N
ትዕድልቲ,N
ትዕግስቲ,N
ትያትር,N
ትዮረም,N
ትዮክራሲ,N
ትዮዳላይት,N
ትግሃት,N
ትግርትያ,N
ትጽቢት,N
ትፋእ,N
ትፍስህቲ,N
ትፍግእት,N
ቶመይን,N
ቶርናዮ,N
ቶርፒዶ,N
ቶትም,N
ቶን,N
ቶኖ,N
ቶካን,N
ቶጋ,N
ቶግታ,N
ቶጎጋ,N
ቶጳዚዮን,N
ቶፖግራፊ,N
ቸሩት,N
ቸሪ,N
ቸርቪል,N
ቸርቻሪ,N
ቸርነት,N
ቸስትናት,N
ቸንትዋለ,N
ቸንቸነ,N
ቺታ,N
ቺትርዮለ,N
ቺንቸላ,N
ቺንጊያ,N
ቻርድ,N
ቻብ,N
ቻትኒ,N
ቻንስለሪ,N
ቻው,N
ቻፊንች,N
ችንቲ,N
ችንችን,N
ችኮላታ,N
ነሃሲ,N
ነሃባይ,N
ነመሲስ,N
ነሲባዊ,N
ነሲብ,N
ነሲብነት,N
ነቑጣ,N
ነቓዕ,N
ነቓፊ,N
ነቕጺ,N
ነቕፌታ,N
ነቝጣ,N
ነበር,N
ነቡላ,N
ነቢዪ,N
ነቢይ,N
ነባሪነት,N
ነባርነት,N
ነባሮ,N
ነብሒ,N
ነብሪ,N
ነብሲ,N
ነተገ,N
ነቲሕ,N
ነታዒ,N
ነታጒ,N
ነትጊ,N
ነትጒ,N
ነነወ,N
ነክታሪን,N
ነኻሲት,N
ነኽሲ,N
ነዃል,N
ነወሪ,N
ነዊት,N
ነውሪ,N
ነውታ,N
ነውጺ,N
ነዝዒ,N
ነደለ,N
ነደየ,N
ነዳቓይ,N
ነዳፊ,N
ነድሪ,N
ነገር,N
ነገርነት,N
ነገደ,N
ነገድ,N
ነጉዲ,N
ነጋሪ,N
ነጋሪት,N
ነጋዲ,N
ነጋዲት,N
ነጋዳይ,N
ነግሒ,N
ነጐዳ,N
ነጓዲ,N
ነጠብጣብ,N
ነጥሪ,N
ነጥቢ,N
ነጨበረር,N
ነጸላ,N
ነጸረ,N
ነጸብራቕ,N
ነጸጌታ,N
ነጻነት,N
ነጻጊ,N
ነጽሊ,N
ነፋሒ,N
ነፋሒቶ,N
ነፋሪት,N
ነፍሒ,N
ነፍሲ,N
ነፍሲነት,N
ነፍስነት,N
ነፍጠኛ,N
ነፕቱን,N
ኑእ,N
ኑክለስ,N
ኑዛዘ,N
ኑዛዜ,N
ኑጋት,N
ኑፋቐ,N
ኒሕ,N
ኒርቫና,N
ኒሻን,N
ኒኬል,N
ኒኮቲን,N
ኒውትሮን,N
ኒዮን,N
ኒገስ,N
ናህሪ,N
ናህባ,N
ናላ,N
ናሕሲ,N
ናርሲሱስ,N
ናርሲሲነት,N
ናርገ,N
ናሰል,N
ናስቱሪሹም,N
ናስትሮ,N
ናብ,N
ናብራ,N
ናእዳ,N
ናውቲ,N
ናዓ,N
ናዕበኛ,N
ናዕቢ,N
ናዕታ,N
ናዕዋ,N
ናዚ,N
ናዚነት,N
ናይሎን,N
ናይተርያ,N
ናይትሮጅን,N
ናይትሮግሊስሪን,N
ናይንፒንዝ,N
ናጤባ,N
ናጽላ,N
ናጽላነት,N
ናጽነት,N
ናፍታ,N
ናፍታሊን,N
ናፍያትረ,N
ናፓልም,N
ንሃፋዊ,N
ንህቢ,N
ንመዓልቲ,N
ንምንታይ,N
ንምዕራብ,N
ንሳ,N
ንስሓ,N
ንስሪ,N
ንስርነት,N
ንስተት,N
ንስኺ,N
ንስኻ,N
ንቕሎ,N
ንቕሓት,N
ንቕወት,N
ንቕጽና,N
ንቝልቍል,N
ንብረታዊ,N
ንብረት,N
ንትጐት,N
ንትጓ,N
ንኡድነት,N
ንኣይነት,N
ንእስነት,N
ንእዲ,N
ንካየ,N
ንካይ,N
ንኽሰት,N
ንኽዳን,N
ንዋም,N
ንውሓት,N
ንዓና,N
ንዓይነይ,N
ንዕቀት,N
ንዝናዘ,N
ንየውነጀው,N
ንያት,N
ንድየት,N
ንድፊ,N
ንገበነኛ,N
ንጉሳውያን,N
ንጉስ,N
ንግሆ,N
ንግስቲ,N
ንግስነት,N
ንግዚኡ,N
ንግደት,N
ንግዳመ,N
ንግድ,N
ንጎት,N
ንጓል,N
ንጡፍነት,N
ንጣር,N
ንጥፈት,N
ንጹርነት,N
ንጹግ,N
ንጻል,N
ንጻግ,N
ንጽሃት,N
ንጽሃየ,N
ንጽህና,N
ንጽልነተ,N
ንጽባሒቱ,N
ንጽገት,N
ንጽጎ,N
ንጽጽር,N
ንፋስ,N
ንፋጥ,N
ንፍረት,N
ንፍዮ,N
ኖርወይ,N
ኖታ,N
ኖታሪ,N
ኖጊን,N
አርሚን,N
ኡልቲማቶም,N
ኡሎንግ,N
ኡማ,N
ኡማውነት,N
ኡራንዩም,N
ኡቺነቶ,N
ኡዝል,N
ኡጣልያዊ,N
ኢምንታዊ,N
ኢምንትነት,N
ኢምፐቲጎ,N
ኢምፓላ,N
ኢሰብኣውነት,N
ኢታሊክ,N
ኢትኣላውነት,N
ኢንሱሊን,N
ኢንተርመዞ,N
ኢንተርኮም,N
ኢንተጀር,N
ኢንታ,N
ኢንዱስትሪ,N
ኢንዱስትሪያውነት,N
ኢንፍለወንዛ,N
ኢንፍሉወንዛ,N
ኢክሊፕታዊ,N
ኢክቶፕላዝም,N
ኢክኑምን,N
ኢኮሎጂ,N
ኢዚሀርነት,N
ኢዚሄራዊ,N
ኢየሱሳዊ,N
ኢየሱስ,N
ኢዮበልዩ,N
ኢድ,N
ኢድራውሊኮ,N
ኢድዮግራም,N
ኢግሎ,N
ኢጎነት,N
ኢጎኣዊ,N
ኢፈሊጣዊ,N
ኢፈላጥነት,N
ኣሃዝ,N
ኣሃዱ,N
ኣህላኺ,N
ኣህዳኢ,N
ኣህጉራዊ,N
ኣህጉራዊነት,N
ኣለቃሒ,N
ኣለባጥሮስ,N
ኣሉሚኒዮም,N
ኣሉታ,N
ኣላላዪ,N
ኣላማይ,N
ኣላሽነት,N
ኣላቐበ,N
ኣላቕሓ,N
ኣላዪ,N
ኣላይ,N
ኣላይት,N
ኣላጋጺ,N
ኣልሃቐ,N
ኣልሓሚ,N
ኣልማናክ,N
ኣልማዝ,N
ኣልማዲ,N
ኣልቡመን,N
ኣልቡም,N
ኣልባ,N
ኣልቦ,N
ኣልቦነት,N
ኣልከመኛ,N
ኣልከሚ,N
ኣልካሊ,N
ኣልኮላውነት,N
ኣልኮል,N
ኣልዓሊ,N
ኣልዛቢ,N
ኣልደር,N
ኣልጀብራ,N
ኣልገፊፍ,N
ኣልጫ,N
ኣልፋ,N
ኣልፋኣልፋ,N
ኣልፋዒ,N
ኣልፍዐ,N
ኣልፕ,N
ኣሓ,N
ኣሓንከሰ,N
ኣሓዳሲ,N
ኣሕላሚ,N
ኣሕመመ,N
ኣሕምልቲ,N
ኣሕራጢ,N
ኣሕቃቒ,N
ኣሕዋት,N
ኣሕዋዪ,N
ኣሕጽሮት,N
ኣመላላሲ,N
ኣመል,N
ኣመልካቲ,N
ኣመልካቲቶ,N
ኣመሓላላፈ,N
ኣመሓላላፊ,N
ኣመሓዳሪ,N
ኣመሪ,N
ኣመሪካዊ,N
ኣመራሳሒ,N
ኣመራስሐ,N
ኣመቐራርሓ,N
ኣመንዝራ,N
ኣመንዝራነት,N
ኣመንጫዊ,N
ኣመኰረ,N
ኣመዝገበ,N
ኣመጣጠነ,N
ኣሚር,N
ኣሚናዊ,N
ኣሚንነት,N
ኣማላዲ,N
ኣማሓላለፊ,N
ኣማሓየሸ,N
ኣማሓያሺ,N
ኣማሓደርቲ,N
ኣማራጺ,N
ኣማርሊስ,N
ኣማሳኒነት,N
ኣማተር,N
ኣማኒት,N
ኣማእከለ,N
ኣማኸርቲ,N
ኣማኻሪ,N
ኣማዘን,N
ኣሜባ,N
ኣሜን,N
ኣሜንነት,N
ኣምላኺ,N
ኣምላኽ,N
ኣምላኽነት,N
ኣምልኾት,N
ኣምር,N
ኣምሰሉ,N
ኣምሰያ,N
ኣምሳያ,N
ኣምቡላንስ,N
ኣምባር,N
ኣምባስደር,N
ኣምባጋሮ,N
ኣምዐ,N
ኣምዑት,N
ኣምፐር,N
ኣምፑል,N
ኣሞ,N
ኣሞራ,N
ኣረመኔነት,N
ኣረመን,N
ኣረመንነት,N
ኣረማዊ,N
ኣረማዊነት,N
ኣረቂ,N
ኣረባብሓ,N
ኣረነ,N
ኣረኣአየ,N
ኣረጋዊ,N
ኣረጋግጻ,N
ኣሪስቶክራሲ,N
ኣሪስቶክራታዊ,N
ኣራሚ,N
ኣራታ,N
ኣራኻቢ,N
ኣራዊት,N
ኣራዪ,N
ኣርሒ,N
ኣርሓ,N
ኣርሓቒ,N
ኣርማ,N
ኣርማዲዮ,N
ኣርቃይ,N
ኣርቅቆ,N
ኣርባሒ,N
ኣርባዕተ,N
ኣርብዓ,N
ኣርተሪ,N
ኣርቺቭ,N
ኣርእስቲ,N
ኣርክቲክ,N
ኣርዑት,N
ኣርዮስ,N
ኣርዳዪ,N
ኣርጋንዲ,N
ኣርጐን,N
ኣሰላልፋ,N
ኣሰላፊ,N
ኣሰላፊት,N
ኣሰልጠነ,N
ኣሰልጣኒ,N
ኣሰራቲ,N
ኣሰር,N
ኣሰሳዪ,N
ኣሰትሊን,N
ኣሰናዪ,N
ኣሰናዳኢ,N
ኣሰዃኹዓ,N
ኣሰያይማ,N
ኣሰያፊ,N
ኣሰጓጉማ,N
ኣሳላልፋ,N
ኣሳልጦ,N
ኣሳሒት,N
ኣሳሓየ,N
ኣሳሓይታ,N
ኣሳሪ,N
ኣሳሪቃል,N
ኣሳሰዪ,N
ኣሳሳዪ,N
ኣሳሳዪት,N
ኣሳሳይት,N
ኣሳቓዪ,N
ኣሳዋሪ,N
ኣስሃለት,N
ኣስላማይ,N
ኣስሓቲ,N
ኣስሓኮ,N
ኣስመዐ,N
ኣስማተኛ,N
ኣስራሒ,N
ኣስራዚ,N
ኣስቃጥላ,N
ኣስባስላ,N
ኣስባሾ,N
ኣስቤላ,N
ኣስተማቓሪ,N
ኣስተምህሮ,N
ኣስተምቅሮ,N
ኣስተርእዮ,N
ኣስተርጓሚ,N
ኣስተርጓማይ,N
ኣስተብህሎ,N
ኣስተንትኖ,N
ኣስተውዕል,N
ኣስተውዕሎ,N
ኣስተያየት,N
ኣስትሮኖት,N
ኣስነፈ,N
ኣስናቒ,N
ኣስናን,N
ኣስከሬን,N
ኣስካላ,N
ኣስካሪ,N
ኣስካቡሊ,N
ኣስኳል,N
ኣስጋሊ,N
ኣስጋሪ,N
ኣስግአ,N
ኣስፋልት,N
ኣስፕሪን,N
ኣሸለሐ,N
ኣሸምበበ,N
ኣሸበሸብ,N
ኣሸባሪ,N
ኣሸባሾ,N
ኣሻንና,N
ኣሻዃት,N
ኣሽ,N
ኣሽሙር,N
ኣሽራፊ,N
ኣሽካዕላል,N
ኣቀላጣፊ,N
ኣቃጣሪ,N
ኣቃጫጭ,N
ኣቋራጭ,N
ኣቐማጢ,N
ኣቐንዘወ,N
ኣቐንጠወ,N
ኣቑረረ,N
ኣቑጽልቲ,N
ኣቓልቦ,N
ኣቕላዒ,N
ኣቕሓ,N
ኣቕራቢ,N
ኣቕሽሽቲ,N
ኣቘንጠወ,N
ኣቝጸልጸለ,N
ኣበል,N
ኣበሓጎ,N
ኣበራባሪ,N
ኣበር,N
ኣበርካቲ,N
ኣበሱዳ,N
ኣበሳ,N
ኣበሳሪ,N
ኣበባ,N
ኣበኣሰ,N
ኣበከነ,N
ኣበው,N
ኣበጃህራ,N
ኣበጻጻሒ,N
ኣቡቐለምሲስ,N
ኣቡን,N
ኣቡኽሪፋ,N
ኣቡጃህራ,N
ኣቡፈሊጥ,N
ኣባ,N
ኣባሃውኪ,N
ኣባላት,N
ኣባል,N
ኣባልነት,N
ኣባልገ,N
ኣባሓጎ,N
ኣባራባሪ,N
ኣባራዒ,N
ኣባኻኒ,N
ኣባኾቦራ,N
ኣባዕከ,N
ኣባጊዕ,N
ኣባጨጐራ,N
ኣቤቱታ,N
ኣብ,N
ኣብሃገ,N
ኣብለሐ,N
ኣብለጭላጪ,N
ኣብሉዮት,N
ኣብረደ,N
ኣብሲንት,N
ኣብስበሰ,N
ኣብሻይ,N
ኣብቋሊ,N
ኣብቲ,N
ኣብነት,N
ኣብኳሪ,N
ኣቦ,N
ኣቦነት,N
ኣቮካዶ,N
ኣተሓላላፊ,N
ኣተሓዛዘነ,N
ኣተማምና,N
ኣተርኣሰ,N
ኣተና,N
ኣተኣላልማ,N
ኣተኣሳሰሪ,N
ኣተኩሮ,N
ኣተኻኻሊ,N
ኣተወት,N
ኣተዓራቒ,N
ኣታላሊ,N
ኣታሽ,N
ኣታቪነት,N
ኣታኽልተኛ,N
ኣታዊ,N
ኣታዓራቒ,N
ኣትላስ,N
ኣትራኖስ,N
ኣትኩሮ,N
ኣትካሪ,N
ኣትክልቲ,N
ኣትክልታዊ,N
ኣቶ,N
ኣቶም,N
ኣቶኮረ,N
ኣቸቶ,N
ኣቻዮ,N
ኣነ,N
ኣነሮይድ,N
ኣኒሞን,N
ኣናመል,N
ኣናቓቓሒ,N
ኣናናስ,N
ኣናደይቲ,N
ኣናጎንስጤስ,N
ኣንሃሪ,N
ኣንሳፈፈት,N
ኣንስታይነት,N
ኣንሶላ,N
ኣንሻታቲ,N
ኣንቀላዋጢ,N
ኣንቀሳቓሲ,N
ኣንቆረ,N
ኣንቆራ,N
ኣንበሳ,N
ኣንበብቲ,N
ኣንበድበደ,N
ኣንበጣ,N
ኣንባር,N
ኣንባርጭቃ,N
ኣንባቢ,N
ኣንተና,N
ኣንቲሪይኑም,N
ኣንታርክቲክ,N
ኣንታጒ,N
ኣንቴማ,N
ኣንቴና,N
ኣንነት,N
ኣንከለት,N
ኣንከራረወ,N
ኣንከባለለ,N
ኣንክሮ,N
ኣንደልሓጸ,N
ኣንዳዲ,N
ኣንጀሊካ,N
ኣንጃባረረ,N
ኣንጄናፐክቶሪስ,N
ኣንጉዕ,N
ኣንጎሎ,N
ኣንጎራ,N
ኣንጠረኛ,N
ኣንጫዕጭዐ,N
ኣንጭዋ,N
ኣንጸርጻሪ,N
ኣንጸባራቒ,N
ኣንጸባራቒነት,N
ኣንጻሂ,N
ኣንጻርነት,N
ኣንፈስፈሰ,N
ኣንፈተ,N
ኣንፈት,N
ኣንፊ,N
ኣአንጋዲ,N
ኣአንጋዲት,N
ኣአንጋዲነት,N
ኣእላፍ,N
ኣእማኒነት,N
ኣእምሮ,N
ኣእታዊ,N
ኣእዋዪ,N
ኣኦርታ,N
ኣከባቢ,N
ኣከፋፋሊ,N
ኣካሊት,N
ኣካላት,N
ኣካል,N
ኣካራዪ,N
ኣካራይ,N
ኣካቢ,N
ኣካያዲ,N
ኣካደሚ,N
ኣካፋፈለ,N
ኣክር,N
ኣክሮባት,N
ኣክሲዮም,N
ኣክቲነንት,N
ኣኮ,N
ኣኮርድዮን,N
ኣኮናይት,N
ኣኰረየ,N
ኣኰቴት,N
ኣኳራጅያ,N
ኣኸዘ,N
ኣኹደብደበ,N
ኣኻፈየ,N
ኣኻፋዪ,N
ኣኼባ,N
ኣኽሊል,N
ኣኽርልምምድ,N
ኣኽበደ,N
ኣኽብሮት,N
ኣኽያዲ,N
ኣዅደደ,N
ኣወንጣ,N
ኣወዛወዘ,N
ኣወዳደረ,N
ኣወዳድባ,N
ኣዋሃሃዲ,N
ኣዋህለለ,N
ኣዋህላሊ,N
ኣዋሳቢ,N
ኣዋዲ,N
ኣዋጂ,N
ኣዋጅ,N
ኣዋገአ,N
ኣዋጠረ,N
ኣውሊ,N
ኣውሊዕ,N
ኣውሓሲ,N
ኣውረየ,N
ኣውራጃ,N
ኣውራጃነት,N
ኣውሮፕላን,N
ኣውቅባይ,N
ኣውቶማት,N
ኣውቶሞቢል,N
ኣውቶቡስ,N
ኣውቶክራሲ,N
ኣውቶክራት,N
ኣውንስ,N
ኣውከለ,N
ኣውፋሪ,N
ኣዎንታዊነት,N
ኣዐራዪ,N
ኣዐንዛዚ,N
ኣዓርመመ,N
ኣዕሩኽ,N
ኣዕራፊ,N
ኣዕሸወ,N
ኣዕቀለ,N
ኣዕበደ,N
ኣዕባይ,N
ኣዕናዊ,N
ኣዕናዊነት,N
ኣዕወረ,N
ኣዕዘፍዘፈ,N
ኣዕዛዚ,N
ኣዕጋቢነት,N
ኣዘምባል,N
ኣዘናጋዒ,N
ኣዘንታዊ,N
ኣዘኻኻሪ,N
ኣዘኽተመ,N
ኣዘኽናኒ,N
ኣዘዘወ,N
ኣዛማዲ,N
ኣዛኒ,N
ኣዛዚ,N
ኣዝህሞ,N
ኣዝማ,N
ኣዝማሚ,N
ኣዝማች,N
ኣዝማድ,N
ኣዝዋሪ,N
ኣዝውታሪ,N
ኣዝዓራ,N
ኣዝዓጊት,N
ኣዞ,N
ኣየር,N
ኣየሮሶል,N
ኣየሮናት,N
ኣዩን,N
ኣያነት,N
ኣይሂ,N
ኣይለሮን,N
ኣይሮባቲክስ,N
ኣይሮፕላን,N
ኣይሶባር,N
ኣይሶተርም,N
ኣይሶቶፕ,N
ኣይቢስ,N
ኣይቪ,N
ኣይተ,N
ኣይዳ,N
ኣይፋሉን,N
ኣዮን,N
ኣደ,N
ኣደላደለ,N
ኣደራሽ,N
ኣደበ,N
ኣደበነ,N
ኣደባባይ,N
ኣደብ,N
ኣደብነት,N
ኣደነት,N
ኣደንዛዚ,N
ኣደኖ,N
ኣደዓዓሰ,N
ኣደያቢ,N
ኣዳላዊ,N
ኣዳራሽ,N
ኣዳቐቐ,N
ኣዳጉራ,N
ኣድህቦ,N
ኣድላይነት,N
ኣድሓኒ,N
ኣድመኛ,N
ኣድሚራል,N
ኣድማ,N
ኣድማስ,N
ኣድማጺ,N
ኣድሪ,N
ኣድሪናሊን,N
ኣድራሻ,N
ኣድቃሊ,N
ኣድናቒ,N
ኣድናቖት,N
ኣድካሚነት,N
ኣድጊ,N
ኣጀማሪ,N
ኣጀንዳ,N
ኣጁቦ,N
ኣጃ,N
ኣገልጋሊ,N
ኣገልጋሊነት,N
ኣገልግል,N
ኣገልግሎት,N
ኣገሚ,N
ኣገምበወ,N
ኣገራሚነት,N
ኣገርሲ,N
ኣገስረጠ,N
ኣገባባት,N
ኣገባብ,N
ኣገባብነት,N
ኣገን,N
ኣገዓዓዚ,N
ኣገዳስነት,N
ኣገጣጣሚ,N
ኣጉረረ,N
ኣጉሰጠ,N
ኣጉባዕበዐ,N
ኣጉዶ,N
ኣጋለበ,N
ኣጋሮ,N
ኣጋውል,N
ኣጋዕዘየ,N
ኣጋጣሚ,N
ኣጋጨወ,N
ኣጋፈርቲ,N
ኣጋፋሪ,N
ኣግላሊ,N
ኣግላሲ,N
ኣግላስነት,N
ኣግልሎ,N
ኣግኖስቲካዊ,N
ኣግኖስቲክነት,N
ኣግእዞ,N
ኣግዳሚ,N
ኣግጣሚ,N
ኣጐዓዓዚ,N
ኣጠምበቐ,N
ኣጠቀረ,N
ኣጠበወ,N
ኣጠፋፈአ,N
ኣጣቓዒት,N
ኣጣቓዓይ,N
ኣጣጥሓ,N
ኣጥማዒ,N
ኣጥበወት,N
ኣጥያሲ,N
ኣጸለመ,N
ኣጸራረየት,N
ኣጸራዪ,N
ኣጸርጋዊ,N
ኣጸባባቒ,N
ኣጻራይ,N
ኣጻብእ,N
ኣጻብዕ,N
ኣጻድፍ,N
ኣጽለለ,N
ኣጽራሪ,N
ኣጽዋር,N
ኣጽገበ,N
ኣፈሙዝ,N
ኣፈና,N
ኣፈኛ,N
ኣፋፍኖት,N
ኣፍ,N
ኣፍላጢ,N
ኣፍልቢ,N
ኣፍሓመ,N
ኣፍሓሚ,N
ኣፍማይ,N
ኣፍረሀ,N
ኣፍራሒነት,N
ኣፍራዪ,N
ኣፍቃሪ,N
ኣፍቃሪት,N
ኣፍንጫ,N
ኣፍንጫዊ,N
ኣፍኣሚ,N
ኣፍዑት,N
ኣፍደገ,N
ኣፍጠነ,N
ኣፓርታይድ,N
ኣፕሪ,N
ኣፕሮን,N
ኣፖፕላክሲ,N
ኤለትሪከኛ,N
ኤለትሪክ,N
ኤለትሮሊስስ,N
ኤለትሮድ,N
ኤለክሲር,N
ኤለክትሮን,N
ኤልም,N
ኤልዮጥሮጵ,N
ኤምባሲ,N
ኤርንያ,N
ኤስፐራንቶ,N
ኤስፓሊየ,N
ኤተር,N
ኤትኖግራፊ,N
ኤነማ,N
ኤንሳይክሎፒዲያ,N
ኤንሳይክሎፒድያ,N
ኤንዛይም,N
ኤንዲቭ,N
ኤክስረይ,N
ኤኵኖክስ,N
ኤደን,N
ኤፒዳያስኮፕ,N
ኤፓለት,N
እህህታ,N
እሉም,N
እልልታ,N
እልመት,N
እልማ,N
እልፊ,N
እሕሕ,N
እመቤት,N
እመት,N
እማረ,N
እማራ,N
እማተ,N
እምበይተይ,N
እምቢታ,N
እምባጋሮ,N
እምነሑጻ,N
እምነበረድ,N
እምነት,N
እምንቶ,N
እምዳድ,N
እሩምነት,N
እሩሩ,N
እርጋን,N
እሱር,N
እስተረዮስኮፕ,N
እስተርሊንግ,N
እስቲፕላቸይዝ,N
እስታዲዮም,N
እስቴቶስኮፕ,N
እስቴናግራፊ,N
እስትሕጋግ,N
እስትረብቶኮካስ,N
እስትራረ,N
እስትራቶስፍየር,N
እስትንፋስ,N
እስቶት,N
እስኪዞፍረኒያ,N
እስኮፓ,N
እሺታ,N
እሾኽ,N
እቡብ,N
እብራይስጣዊ,N
እብየት,N
እታው,N
እቴጌ,N
እትወት,N
እትዋ,N
እትዋት,N
እቶታዊነት,N
እቶት,N
እቶን,N
እኑም,N
እንስሳ,N
እንስሳዊ,N
እንቁርዖብ,N
እንቋቑሖ,N
እንቋቕሖ,N
እንቋቝሓዊ,N
እንቋቝሖ,N
እንታይነት,N
እንትርፊ,N
እንደራሴ,N
እንደገና,N
እንዳ,N
እንዳሬሳ,N
እንዳቍማር,N
እንዳብረት,N
እንዳእቲ,N
እንዳዊ,N
እንዶ,N
እንጀራ,N
እንገዳ,N
እንግሊዛውነት,N
እንግሊዝ,N
እንግዳ,N
እንግድዓ,N
እንግዶት,N
እንጣጢዕ,N
እኖ,N
እኖልገ,N
እኖሓጎ,N
እኖነት,N
እከይነት,N
እኩብ,N
እካበ,N
እካብ,N
እኹልነት,N
እኽሊ,N
እኽብካብ,N
እወ,N
እዋን,N
እዋጀ,N
እዙዝ,N
እዚ,N
እዛዊ,N
እዝኒ,N
እያድ,N
እዱብነት,N
እድያት,N
እጃም,N
እጅገ,N
እገዳ,N
እግረኛ,N
እግሪ,N
እግኣዚ,N
እግዚኣብሄር,N
እጽዋት,N
እጽዳት,N
ኦሊምፕያድ,N
ኦሊያንደሮ,N
ኦልቲመተር,N
ኦመረድዮ,N
ኦመጋ,N
ኦም,N
ኦሪት,N
ኦራክል,N
ኦርመሎ,N
ኦርቺድ,N
ኦርኒክ,N
ኦርኬስትራ,N
ኦርዮል,N
ኦርጋን,N
ኦሲሎት,N
ኦሲዮ,N
ኦስትዮፓቲ,N
ኦስካር,N
ኦብሲድያን,N
ኦቶማን,N
ኦኒክስ,N
ኦኣሲስ,N
ኦካሪና,N
ኦክ,N
ኦክሲጅን,N
ኦክሳይድ,N
ኦክተት,N
ኦክተይን,N
ኦክታቭ,N
ኦክታፑስ,N
ኦዞን,N
ኦይስተር,N
ኦፍሳይድ,N
ኦፐራ,N
ኦፐሬታ,N
ኦፓል,N
ኦፕዮም,N
ከለለ,N
ከሊፍ,N
ከላሲ,N
ከልቢ,N
ከልባዊ,N
ከልካሊ,N
ከሓዲ,N
ከሙስ,N
ከም,N
ከምዚ,N
ከረን,N
ከረዛን,N
ከረጺት,N
ከርሲ,N
ከርሲቭ,N
ከርበ,N
ከርተፈ,N
ከርታት,N
ከርከደ,N
ከሰስቲ,N
ከሳሲ,N
ከሳሲት,N
ከስዐ,N
ከሻኒ,N
ከሻፋ,N
ከበሳ,N
ከቢብ,N
ከባቢ,N
ከባቢታት,N
ከብሒ,N
ከብቲ,N
ከብከብታ,N
ከብዲ,N
ከብዳዊ,N
ከተመኛ,N
ከተመኛታት,N
ከተማ,N
ከተት,N
ከተያ,N
ከተፈ,N
ከቲቢ,N
ከታሚ,N
ከታቢ,N
ከታይ,N
ከቻፕ,N
ከኒሻ,N
ከኒና,N
ከንቱነት,N
ከንቲባ,N
ከንካን,N
ከንፈር,N
ከዋኒት,N
ከዋኽብቲ,N
ከውሊ,N
ከውሒ,N
ከየበ,N
ከይሲ,N
ከዳሚት,N
ከዳኒቶ,N
ከዳዒ,N
ከፈፈ,N
ከፋቲ,N
ከፋት,N
ከፋፋላይ,N
ኩ,N
ኩልፈት,N
ኩሕለን,N
ኩሕሊ,N
ኩሙር,N
ኩምራ,N
ኩምብራዛ,N
ኩራ,N
ኩራንት,N
ኩርምራም,N
ኩርሽ,N
ኩርቢት,N
ኩርባ,N
ኩርናዕ,N
ኩርኩር,N
ኩርኮራ,N
ኩርኰራ,N
ኩርኳረ,N
ኩርዅረ,N
ኩርዓት,N
ኩሳነት,N
ኩስቱባን,N
ኩስኩስቲ,N
ኩሽማን,N
ኩቢ,N
ኩቢነት,N
ኩባንያ,N
ኩባዊት,N
ኩባያ,N
ኩብራረ,N
ኩብኩብታ,N
ኩቦ,N
ኩትልኽና,N
ኩትኹቶ,N
ኩትዛል,N
ኩችነቶ,N
ኩነታት,N
ኩነት,N
ኩነኔ,N
ኩንኲኒት,N
ኩኛ,N
ኩእኩእ,N
ኩኩ,N
ኩኩምበር,N
ኩኩናይ,N
ኩኽዲ,N
ኩዕሶ,N
ኩዕታ,N
ኩዴታ,N
ኩጀት,N
ኩጋር,N
ኩፌት,N
ኩፍታ,N
ኩፖን,N
ኪሎ,N
ኪሎሜተር,N
ኪሎግራም,N
ኪሩቤል,N
ኪሮፓዲስት,N
ኪሮፕራክቶር,N
ኪነተኛ,N
ኪእላ,N
ኪያንቲ,N
ኪዮስክ,N
ኪፍኪፍታ,N
ካህናት,N
ካህን,N
ካሉምባይን,N
ካሊፕሶ,N
ካላማዳርያ,N
ካላባሽ,N
ካልሲ,N
ካልስዩም,N
ካልስዮላርያ,N
ካልቪንነት,N
ካልኢት,N
ካልኣይ,N
ካልእ,N
ካልኩላስ,N
ካልዩፕ,N
ካልፕ,N
ካሎ,N
ካሎመል,N
ካሎሪ,N
ካሕሳ,N
ካመልያ,N
ካመራ,N
ካሚዮን,N
ካማመላ,N
ካምሱር,N
ካምቦ,N
ካምቻ,N
ካምዮ,N
ካምዮን,N
ካምፎራ,N
ካምፒዮን,N
ካምፓ,N
ካምፓስ,N
ካምፓኑላ,N
ካምፓኔላ,N
ካሪቡ,N
ካራ,N
ካራመለ,N
ካራት,N
ካርማ,N
ካርባንክል,N
ካርባይን,N
ካርባይድ,N
ካርቦን,N
ካርቦንዳይኦክሳይድ,N
ካርተል,N
ካርቱን,N
ካርታ,N
ካርታኮንቱር,N
ካርቶሊና,N
ካርቶን,N
ካርቶግራፊ,N
ካርቾፊ,N
ካርነሽን,N
ካርኒቫል,N
ካርዲናል,N
ካርዳሞም,N
ካርፕ,N
ካሮሳ,N
ካሮቲ,N
ካሲይን,N
ካሳ,N
ካሳቫ,N
ካሴር,N
ካሴታ,N
ካስታርድ,N
ካስት,N
ካሶዋሪ,N
ካሹ,N
ካሺው,N
ካሻ,N
ካሻትሩስ,N
ካቢነ,N
ካባ,N
ካባረ,N
ካቦት,N
ካቫ,N
ካተድራል,N
ካቲም,N
ካታለፕሲ,N
ካታልፓ,N
ካታኮምበ,N
ካትራመ,N
ካቻቪተ,N
ካና,N
ካናሪ,N
ካናስታ,N
ካናቴራ,N
ካናፒ,N
ካንሸሎ,N
ካንቲና,N
ካንቸሎ,N
ካንከር,N
ካንካን,N
ካንዲታፍት,N
ካንዴላ,N
ካንጋሩ,N
ካኦሊን,N
ካኪ,N
ካካው,N
ካውሎ,N
ካውስልፕ,N
ካውካዝያዊ,N
ካዕበተ,N
ካዕካዕ,N
ካዚኖ,N
ካዝና,N
ካይላ,N
ካደት,N
ካድምዩም,N
ካድር,N
ካፈ,N
ካፈተርያ,N
ካፈየ,N
ካፈይን,N
ካፋ,N
ካፍታን,N
ካፒላሪ,N
ካፒታኖ,N
ካፔክ,N
ካፕሲከም,N
ካፕስዩል,N
ኬር,N
ኬርነት,N
ክ,N
ክለማቲስ,N
ክለሳ,N
ክለሳነት,N
ክለብ,N
ክሉሽ,N
ክሊ,N
ክሊሓለዋ,N
ክሊማ,N
ክሊኒክ,N
ክላም,N
ክላሪነት,N
ክላሲክነት,N
ክላቪኮርድ,N
ክላክስ,N
ክልል,N
ክልተ,N
ክልከላ,N
ክሎሪን,N
ክሎራይድ,N
ክሎሮፊል,N
ክሎቨር,N
ክሕደት,N
ክምስታ,N
ክረምቲ,N
ክረይክ,N
ክረይፊሽ,N
ክረዮን,N
ክረፕ,N
ክሩፕ,N
ክሪበጅ,N
ክሪከት,N
ክሪክ,N
ክሪዛሊስ,N
ክሪዛንተመም,N
ክሪፕት,N
ክሪፕቶመሪያ,N
ክሪፕቶግራም,N
ክራምፖን,N
ክራሸ,N
ክራባታ,N
ክራቫታ,N
ክራንበሪ,N
ክራፕስ,N
ክሬንፍላይ,N
ክርሃት,N
ክርስትና,N
ክርስቶስ,N
ክርቢት,N
ክርተት,N
ክርክራዊ,N
ክርክር,N
ክርያ,N
ክርዮዞት,N
ክርደና,N
ክርፋሐ,N
ክሮ,N
ክሮም,N
ክሮምለክ,N
ክሮምዮም,N
ክሮስ,N
ክሮሸት,N
ክሮን,N
ክሮኖሜተር,N
ክሮከት,N
ክሮክስ,N
ክሱስ,N
ክሲ,N
ክሳራ,N
ክስራን,N
ክስተት,N
ክሻፋ,N
ክሽምሽ,N
ክሽነ,N
ክሽፈት,N
ክቡርነት,N
ክቢ,N
ክባስ,N
ክብሃት,N
ክብረት,N
ክብሪ,N
ክብታ,N
ክብደት,N
ክታም,N
ክታበት,N
ክታብ,N
ክትምና,N
ክትትል,N
ክትዕ,N
ክትያ,N
ክንሻር,N
ክንዲ,N
ክንድኡ,N
ክንፊ,N
ክእለት,N
ክውል,N
ክውንተኛ,N
ክውንነት,N
ክዕባተ,N
ክዙን,N
ክዳውንቲ,N
ክድዓት,N
ክፋል,N
ክፍሊ,N
ክፍሊት,N
ክፍኣት,N
ክፍፍል,N
ኮለለ,N
ኮለላ,N
ኮለጅ,N
ኮሊ,N
ኮላ,N
ኮላሊ,N
ኮልተፈ,N
ኮሎኔል,N
ኮሎን,N
ኮሎኛ,N
ኮመረ,N
ኮመት,N
ኮመዲ,N
ኮሚሳሪ,N
ኮሚሳር,N
ኮሚሽነር,N
ኮሚሽን,N
ኮሚደረ,N
ኮማ,N
ኮማንደር,N
ኮማንዶ,N
ኮም,N
ኮምፍረይ,N
ኮምፐንሳቶ,N
ኮምፓስ,N
ኮምፕዩተር,N
ኮምፖት,N
ኮሞዲኖ,N
ኮሞዶር,N
ኮረማ,N
ኮረምታ,N
ኮረሻ,N
ኮረሾ,N
ኮረደዮ,N
ኮረድዮ,N
ኮሪደዮ,N
ኮሪዶር,N
ኮር,N
ኮርሞራንት,N
ኮርሳት,N
ኮርሸምሸማ,N
ኮርቨት,N
ኮርቪ,N
ኮርተክስ,N
ኮርነሊያን,N
ኮርነት,N
ኮርኑኮፕያ,N
ኮርዳይት,N
ኮርፋፍ,N
ኮርፎ,N
ኮርፓስል,N
ኮርፖረሽን,N
ኮሳይን,N
ኮሶ,N
ኮሺኒል,N
ኮሻሕሻሕ,N
ኮበርታ,N
ኮባ,N
ኮባልት,N
ኮብላሊ,N
ኮብራ,N
ኮብኳቢ,N
ኮተሎን,N
ኮተቴ,N
ኮቴት,N
ኮትሮባንዳ,N
ኮናዕ,N
ኮንሰርቲና,N
ኮንሰርትዮም,N
ኮንቮልቩላስ,N
ኮንቱር,N
ኮንትሮባንዲስታ,N
ኮንትሮባንድ,N
ኮንትሮባንዶ,N
ኮንቸርቶ,N
ኮንይኸውን,N
ኮንደኾነ,N
ኮንዶር,N
ኮንፈቲ,N
ኮንፈደረሽን,N
ኮንፈደራሲ,N
ኮንፈደራዊ,N
ኮኖኣዊ,N
ኮኛክ,N
ኮከይን,N
ኮካኮላ,N
ኮክፒት,N
ኮኾብ,N
ኮዝሞጎኒ,N
ኮየዐ,N
ኮይፑ,N
ኮዮት,N
ኮድ,N
ኮድሊን,N
ኮፍ,N
ኮፍታ,N
ኮፐርቢች,N
ኮፐክ,N
ኮፑላ,N
ኮፕሪፎኮ,N
ኮፕራ,N
ኰለሎ,N
ኰልዐ,N
ኰመረ,N
ኰረሪማ,N
ኰርኳሪ,N
ኰስታሪ,N
ኰስኳሲ,N
ኰሸምሸም,N
ኰተቴ,N
ኰናዕ,N
ኰዓቲ,N
ኰዓታይ,N
ኰዘይዘይ,N
ኲናት,N
ኳለታ,N
ኳሌታ,N
ኳልባ,N
ኳሕታ,N
ኳረንቲ,N
ኳርተት,N
ኳርት,N
ኳርትስ,N
ኳና,N
ኵሊት,N
ኵላሶ,N
ኵላዐ,N
ኵልመት,N
ኵሕሊ,N
ኵምራ,N
ኵምታረ,N
ኵራ,N
ኵርማጅ,N
ኵርቢት,N
ኵርባ,N
ኵርናዕ,N
ኵርኩር,N
ኵርኵር,N
ኵስኵስቲ,N
ኵታራ,N
ኵነት,N
ኵነና,N
ኵኒን,N
ኵናት,N
ኵናነ,N
ኵንታል,N
ኵኽ,N
ኵዘሊንግ,N
ኵድኹዶ,N
ኵጀት,N
ኽስፈት,N
ወሃቢ,N
ወለሊድ,N
ወለንታ,N
ወለደት,N
ወለድ,N
ወላዲ,N
ወላዲት,N
ወላድነት,N
ወልማጥ,N
ወልተም,N
ወልዋሊ,N
ወልዋሊት,N
ወልዳፍ,N
ወልፊ,N
ወረ,N
ወረቐት,N
ወረበላ,N
ወረኛ,N
ወረዘ,N
ወረዛ,N
ወረዶ,N
ወረጃነት,N
ወረጦ,N
ወራሪ,N
ወራር,N
ወራሲ,N
ወሬታ,N
ወርሒ,N
ወርሓዊ,N
ወርቂ,N
ወርወር,N
ወርወርታ,N
ወርዝነት,N
ወርዞ,N
ወርጠበ,N
ወሮበላ,N
ወሰናስን,N
ወሰን,N
ወሰኽ,N
ወሳኒት,N
ወሳኒነት,N
ወሳንነት,N
ወሳዲ,N
ወስታ,N
ወስወሰ,N
ወሸለ,N
ወሺፍ,N
ወሽላኽ,N
ወሽመጥ,N
ወቐረ,N
ወቐጠ,N
ወቒሱ,N
ወቓሕታ,N
ወቓዒ,N
ወቕቲ,N
ወቕዒ,N
ወተሃደራውነት,N
ወተሃደር,N
ወተግ,N
ወታእ,N
ወኒ,N
ወንጀለኛ,N
ወንጀል,N
ወንጌል,N
ወከልቲ,N
ወኪል,N
ወካሊ,N
ወካሊት,N
ወካሲ,N
ወካሲት,N
ወኻርያ,N
ወኻዕታ,N
ወዘተ,N
ወዘተረፈ,N
ወዝ,N
ወዝቢ,N
ወዝዋዚ,N
ወያናይ,N
ወይ,N
ወይቦ,N
ወይናይ,N
ወይዘሪት,N
ወይዘሮ,N
ወይጤል,N
ወይጦ,N
ወዮ,N
ወደረኛ,N
ወደበ,N
ወደተ,N
ወደነ,N
ወዲ,N
ወዲሓወቦ,N
ወዲነት,N
ወዲንኢ,N
ወዲኣኮ,N
ወዲወዶ,N
ወዳሲ,N
ወዳኢ,N
ወዳኢት,N
ወድሰብ,N
ወድንቢ,N
ወጅሂ,N
ወገን,N
ወገንነት,N
ወገግታ,N
ወገፈ,N
ወጋሕታ,N
ወግሪ,N
ወግኢ,N
ወግዒ,N
ወግዓዊነት,N
ወግዓውነት,N
ወግዕታት,N
ወጣም,N
ወጣሪ,N
ወጣኒ,N
ወጥዋጥ,N
ወጻእተኛ,N
ወጽዓ,N
ወፈርቲ,N
ወፋይ,N
ወፍሪ,N
ዉሉፍ,N
ዉላድ,N
ዉቅብቲ,N
ዉንዛፈ,N
ዉዕዉዕ,N
ዉያነ,N
ዊለው,N
ዊስተርያ,N
ዊስት,N
ዊስኪ,N
ዊንታ,N
ዊግ,N
ዊጥ,N
ዊፐት,N
ዋህዮ,N
ዋልታ,N
ዋልድቢት,N
ዋሓዚ,N
ዋሕስ,N
ዋሕዚ,N
ዋሕዲ,N
ዋሕጢ,N
ዋሪ,N
ዋርዳ,N
ዋርድያ,N
ዋት,N
ዋና,N
ዋናያይ,N
ዋንነት,N
ዋንጫ,N
ዋዒ,N
ዋዕሮ,N
ዋዛ,N
ዋዜማ,N
ዋደር,N
ዋጋ,N
ዋግ,N
ዋግዋጎ,N
ዋጠየ,N
ውሁድ,N
ውህለላ,N
ውህሉል,N
ውህላል,N
ውህበት,N
ውህደቃና,N
ውህደት,N
ውህጸት,N
ውሉድ,N
ውሉጥ,N
ውላደ,N
ውላድ,N
ውልቂ,N
ውልቃውነት,N
ውልውል,N
ውልድቲ,N
ውልዶነት,N
ውሑስ,N
ውሑዳን,N
ውሑጅ,N
ውሕልነት,N
ውሕልና,N
ውሕስነት,N
ውሕጅ,N
ውሕጠት,N
ውምባት,N
ውሩይነት,N
ውራይ,N
ውርሰት,N
ውርሲ,N
ውርሳ,N
ውርሻ,N
ውርዝውና,N
ውርዝይና,N
ውርደት,N
ውርዲ,N
ውርጪ,N
ውርጻጻ,N
ውሳነ,N
ውሳኔ,N
ውስኣት,N
ውስጠዘ,N
ውሻል,N
ውሻጠ,N
ውሽማ,N
ውሽምና,N
ውቃበ,N
ውቃዕ,N
ውቅያኖስ,N
ውበት,N
ውትረት,N
ውነና,N
ውንጅር,N
ውንጫፈ,N
ውክልና,N
ውዕለት,N
ውዕላ,N
ውዕል,N
ውዕዋዐ,N
ውዝዋዘ,N
ውዱዕ,N
ውዲተኛ,N
ውዲታውያን,N
ውዲት,N
ውዳሰ,N
ውድብ,N
ውድን,N
ውድድር,N
ውገዛ,N
ውገዳ,N
ውጉር,N
ውጋአ,N
ውግኣ,N
ውግኣት,N
ውግእ,N
ውግዘት,N
ውጥሚት,N
ውጥረት,N
ውጥናዊ,N
ውጽላት,N
ውጽኢት,N
ውጽኣት,N
ውፉይነት,N
ውፍራ,N
ዑለት,N
ዑሪ,N
ዑቑብ,N
ዑቕባ,N
ዑበል,N
ዑቡይ,N
ዑብታ,N
ዑና,N
ዑናታት,N
ዑደት,N
ዑድ,N
ዑፍ,N
ዑፍማይ,N
ዒሉ,N
ዒላማ,N
ዒቃ,N
ዒቕታ,N
ዒባ,N
ዒታ,N
ዒዋል,N
ዒግታ,N
ዓለማዊነት,N
ዓለማውያን,N
ዓለም,N
ዓለቕቲ,N
ዓለባካሻ,N
ዓለባዊ,N
ዓላሚ,N
ዓላቒ,N
ዓላቚ,N
ዓላቝ,N
ዓላዊ,N
ዓሌተኛ,N
ዓሌት,N
ዓመረ,N
ዓመት,N
ዓመጸኛ,N
ዓመጽ,N
ዓሚ,N
ዓሚልነት,N
ዓማዊል,N
ዓምዲ,N
ዓረር,N
ዓረብያ,N
ዓራሚ,N
ዓራት,N
ዓርሞሸሽ,N
ዓርሞሸሽነት,N
ዓርቢ,N
ዓርናስ,N
ዓርኪ,N
ዓሰርተ,N
ዓሲር,N
ዓሳ,N
ዓሳሙሴ,N
ዓሳድሙ,N
ዓስራይ,N
ዓስቢ,N
ዓሶ,N
ዓሸራ,N
ዓሻ,N
ዓሽከር,N
ዓቀይታይ,N
ዓቃቢ,N
ዓቃቢቶ,N
ዓቃባዊ,N
ዓቃባዊነት,N
ዓቃይታይ,N
ዓቐቕታ,N
ዓቐበት,N
ዓቐን,N
ዓቕሊ,N
ዓቕሚ,N
ዓበድበድ,N
ዓባይ,N
ዓብላሊነት,N
ዓብላልነት,N
ዓተረ,N
ዓትዓተ,N
ዓንቀር,N
ዓንቀጽ,N
ዓንበበ,N
ዓንባቢ,N
ዓንካር,N
ዓንኬል,N
ዓንዲ,N
ዓንዲሕቖ,N
ዓንዳሪ,N
ዓንዳሪነት,N
ዓንዳፍ,N
ዓንጋሊ,N
ዓንጎግ,N
ዓካር,N
ዓካስ,N
ዓኹለለ,N
ዓኽታ,N
ዓዀር,N
ዓዃይ,N
ዓወት,N
ዓወነ,N
ዓዊል,N
ዓዋን,N
ዓው,N
ዓውታ,N
ዓውዲ,N
ዓዘቕቲ,N
ዓዚዝ,N
ዓይነት,N
ዓደስ,N
ዓደቦ,N
ዓዲ,N
ዓዳሊ,N
ዓዳላይ,N
ዓዳኒ,N
ዓዳዪ,N
ዓዳጊ,N
ዓዶኸ,N
ዓጀበ,N
ዓጀባ,N
ዓጀብቲ,N
ዓጀውጀው,N
ዓጃቢ,N
ዓገብ,N
ዓጋቲ,N
ዓጋዘን,N
ዓጋዜን,N
ዓጋፎ,N
ዓጠነ,N
ዓጠጥታ,N
ዓጸማ,N
ዓጸቦ,N
ዓጻዲ,N
ዓጽሚ,N
ዔማሕ,N
ዕለት,N
ዕሊ,N
ዕላል,N
ዕላመት,N
ዕላማ,N
ዕልቕልቕ,N
ዕልቦ,N
ዕልወት,N
ዕልዋ,N
ዕማመት,N
ዕማም,N
ዕምሪ,N
ዕምቈት,N
ዕምባባ,N
ዕምኰ,N
ዕረ,N
ዕረፍቲ,N
ዕረፍታዊ,N
ዕራርቦ,N
ዕርመት,N
ዕርቂ,N
ዕርቃን,N
ዕርቡን,N
ዕርክነት,N
ዕርዲ,N
ዕርገት,N
ዕርፍቲ,N
ዕሲ,N
ዕስለ,N
ዕስሪት,N
ዕስራ,N
ዕሸልነት,N
ዕሽሽታ,N
ዕሽነት,N
ዕቀና,N
ዕቁብ,N
ዕቃበ,N
ዕቅን,N
ዕቋር,N
ዕቤት,N
ዕብለላ,N
ዕብላለ,N
ዕብሰት,N
ዕብየት,N
ዕብዳን,N
ዕብድብድ,N
ዕቱብነት,N
ዕታሮ,N
ዕትሮ,N
ዕትብቲ,N
ዕትዓተ,N
ዕነ,N
ዕንቃፈ,N
ዕንቅርቢት,N
ዕንቅብ,N
ዕንቅፋት,N
ዕንቊ,N
ዕንባባ,N
ዕንክሊል,N
ዕንወት,N
ዕንዋ,N
ዕንዛዘ,N
ዕንዝራ,N
ዕንደራዊ,N
ዕንዱ,N
ዕንዲዳ,N
ዕንጅልና,N
ዕንጨይቲ,N
ዕንጭራር,N
ዕንፍሩር,N
ዕኮት,N
ዕኵላል,N
ዕኹላል,N
ዕዉር,N
ዕዉት,N
ዕዋላ,N
ዕውለት,N
ዕዘባ,N
ዕዙዝነት,N
ዕዛዘ,N
ዕዝባይ,N
ዕየት,N
ዕያገ,N
ዕደ,N
ዕደረ,N
ዕደዃ,N
ዕዳ,N
ዕዳል,N
ዕዳዄ,N
ዕዳጋ,N
ዕድል,N
ዕድሎት,N
ዕድመ,N
ዕጀባ,N
ዕጉብ,N
ዕግርግር,N
ዕግበት,N
ዕጣቕ,N
ዕጣን,N
ዕጥረት,N
ዕጥቂ,N
ዕጫ,N
ዕጸ,N
ዕጻድ,N
ዕጻፍ,N
ዕጽዋ,N
ዕጽፈት,N
ዕጽፍጻፍ,N
ዕፉን,N
ዕፋነ,N
ዕፋፈት,N
ዕፋፍ,N
ዕፍሪት,N
ዘለላ,N
ዘለጎ,N
ዘለፋ,N
ዘሊል,N
ዘላሚ,N
ዘላሚነት,N
ዘልኣለማዊነት,N
ዘልኣለም,N
ዘልዘለ,N
ዘሕጉስ,N
ዘመናውነት,N
ዘመናይ,N
ዘመድ,N
ዘማሪ,N
ዘማሪት,N
ዘማራይ,N
ዘማዊ,N
ዘምስል,N
ዘምበለ,N
ዘምባሊ,N
ዘምባል,N
ዘረ,N
ዘረፋ,N
ዘራዊነት,N
ዘራጊቶ,N
ዘራፍ,N
ዘርኤ,N
ዘርዓ,N
ዘርጋሓይ,N
ዘስክር,N
ዘሸብር,N
ዘቐራ,N
ዘቕለበ,N
ዘበሳጩ,N
ዘቡ,N
ዘቢብ,N
ዘብዐኛ,N
ዘብዘብታ,N
ዘታዪ,N
ዘንቢል,N
ዘንትእለት,N
ዘንጊ,N
ዘኽታም,N
ዘዋሪ,N
ዘዋሪት,N
ዘውዲ,N
ዘዘንብል,N
ዘየላቡ,N
ዘየርዊ,N
ዘያቲ,N
ዘይሃሳሲነት,N
ዘይህሉው,N
ዘይህላወ,N
ዘይሎፎን,N
ዘይሕቀት,N
ዘይመላኢ,N
ዘይማዕርነት,N
ዘይምልዋጥ,N
ዘይምሕቃቕ,N
ዘይምሕጓስ,N
ዘይምምስጋን,N
ዘይምምዕርራይ,N
ዘይምምዝዛን,N
ዘይምምጣን,N
ዘይምምጥጣን,N
ዘይምርዳእ,N
ዘይምስምማዕ,N
ዘይምስትብሃል,N
ዘይምስናይ,N
ዘይምቅዋም,N
ዘይምቅዳው,N
ዘይምቕሳን,N
ዘይምትሕልላኽ,N
ዘይምትእምማን,N
ዘይምቹእነት,N
ዘይምቻው,N
ዘይምንጣፍ,N
ዘይምእዙዝነት,N
ዘይምእዛዝ,N
ዘይምኩር,N
ዘይምኩርነት,N
ዘይምኽባር,N
ዘይምኽኣል,N
ዘይምውህሃድ,N
ዘይምውሳን,N
ዘይምድላይ,N
ዘይምድጋፍ,N
ዘይምግናን,N
ዘይምግንዛብ,N
ዘይምግዳስ,N
ዘይምግጣም,N
ዘይምጥቃም,N
ዘይምጥንቃቕ,N
ዘይምፍላጥ,N
ዘይምፍልላይ,N
ዘይምፍታው,N
ዘይርጉእነት,N
ዘይርጉጽነት,N
ዘይስሩዕነት,N
ዘይሻርዊነት,N
ዘይቀዋሚነት,N
ዘይቅርቡነት,N
ዘይቅቡል,N
ዘይቅኑዕነት,N
ዘይቅውምነት,N
ዘይቅድዊ,N
ዘይበቅዕ,N
ዘይብሱልነት,N
ዘይብቁዕ,N
ዘይብጽሕና,N
ዘይተመሳሳልነት,N
ዘይተመዛዘንቲ,N
ዘይተመጣጠንነት,N
ዘይተርፍነት,N
ዘይተቐባልነት,N
ዘይተኣማኒነት,N
ዘይተኣደነ,N
ዘይተዓጻፍነት,N
ዘይተደላይነት,N
ዘይተገዳስነት,N
ዘይተጨባጢነት,N
ዘይተፈታውነት,N
ዘይቱን,N
ዘይቲ,N
ዘይትስፉውነት,N
ዘይትኣማማንነት,N
ዘይንጹርነት,N
ዘይኣማኒ,N
ዘይኣይሁዳዊ,N
ዘይእሙን,N
ዘይእሩምነት,N
ዘይእዱብነት,N
ዘይካህናት,N
ዘይካኣልነት,N
ዘይውሱንነት,N
ዘይዕሉም,N
ዘይዕቱብነት,N
ዘይገረንገራውያን,N
ዘይጉርዝውና,N
ዘይጊላ,N
ዘይግሁድ,N
ዘይግሉዝነት,N
ዘይግብራውነት,N
ዘይግዳሰ,N
ዘይጥጣሐ,N
ዘይፍትሓውነት,N
ዘይፍጹምነት,N
ዘድሃበ,N
ዘድያክ,N
ዘገለ,N
ዘገምታ,N
ዘገዳምነት,N
ዘግምባል,N
ዘጥንተኛ,N
ዘፈር,N
ዘፍታ,N
ዙረት,N
ዙርያዊ,N
ዙኪኒ,N
ዙዕ,N
ዙፋን,N
ዙፋይት,N
ዚዝ,N
ዛህር,N
ዛህዲ,N
ዛላ,N
ዛሪቡን,N
ዛሬባ,N
ዛርቲ,N
ዛብያ,N
ዛዕባ,N
ዛዕዛዕታ,N
ዛዕጊ,N
ዛዕጎል,N
ዛግራ,N
ዜማ,N
ዜሮ,N
ዜና,N
ዜጋ,N
ዜግነት,N
ዝሁምነት,N
ዝሄርነት,N
ዝህላለ,N
ዝህመት,N
ዝለዓበ,N
ዝላ,N
ዝልመት,N
ዝልፋት,N
ዝሕለት,N
ዝሕታለ,N
ዝሕውታ,N
ዝሙት,N
ዝምባለ,N
ዝምባል,N
ዝምባዐ,N
ዝምታ,N
ዝምውና,N
ዝምድና,N
ዝምድናታት,N
ዝሩጋት,N
ዝሩግ,N
ዝራረት,N
ዝራባሕ,N
ዝራብዕ,N
ዝርርብ,N
ዝርኣት,N
ዝርወት,N
ዝርዋ,N
ዝርዝር,N
ዝርዝርነት,N
ዝርገት,N
ዝርጋሐ,N
ዝሰገደ,N
ዝቕባበ,N
ዝባን,N
ዝባዛሕ,N
ዝባድ,N
ዝብኢ,N
ዝተሓዝ,N
ዝተመሳቐለ,N
ዝተሳእነ,N
ዝተኣመመ,N
ዝተዋሃሃደ,N
ዝተዛመደ,N
ዝተዳጐነ,N
ዝተገምገመ,N
ዝታሐተ,N
ዝና,N
ዝናም,N
ዝናር,N
ዝንቡል,N
ዝንቡዕ,N
ዝንባለ,N
ዝንባሌ,N
ዝንባዐ,N
ዝንያ,N
ዝንጊዕር,N
ዝንጋዐ,N
ዝንግሪር,N
ዝንጎ,N
ዝንጣለ,N
ዝክር,N
ዝኸሰረ,N
ዝኽሕስ,N
ዝኽረት,N
ዝኽሪ,N
ዝኽነና,N
ዝወደይ,N
ዝወጋ,N
ዝዋሓደ,N
ዝውታረ,N
ዝዓሰሎ,N
ዝዘር,N
ዝዛወ,N
ዝዛዘወ,N
ዝዝከር,N
ዝዝዝለዓለ,N
ዝያዳ,N
ዝያዳነት,N
ዝገዓዘ,N
ዝግምታ,N
ዝግታ,N
ዝግኒ,N
ዝፍጣጠ,N
ዞባ,N
ዞባነት,N
ዞባዊነት,N
ዞና,N
የሆዋ,N
የቐንየለይ,N
የን,N
የዋህነት,N
ዩኒቨርሲቲ,N
ዩኒታርያዊ,N
ዩጋ,N
ያም,N
ያረው,N
ያታ,N
ያንኪ,N
ያክ,N
ያውል,N
ያውስ,N
ያዕያዕታ,N
ይቕረታ,N
ይኩለል,N
ይኸውን,N
ይው,N
ደሃይ,N
ደለሳ,N
ደለበ,N
ደላላይ,N
ደልሃመት,N
ደልታ,N
ደም,N
ደምበ,N
ደምበልብልነት,N
ደምዳሚነት,N
ደሞክራሲ,N
ደሞክራታዊ,N
ደሞዝ,N
ደረታት,N
ደረት,N
ደረጃ,N
ደረጃታት,N
ደራሲ,N
ደራሲነት,N
ደራኺ,N
ደራዚ,N
ደራዚት,N
ደራፊ,N
ደራፊት,N
ደራፋይ,N
ደርሆ,N
ደርሆነቆ,N
ደርማስ,N
ደርክ,N
ደርዘን,N
ደርግዐ,N
ደርፊ,N
ደሮና,N
ደሰቓ,N
ደሲበል,N
ደሴተኛ,N
ደሴት,N
ደስታ,N
ደቂ,N
ደቂቅ,N
ደቃሲ,N
ደቒቕ,N
ደቓይቕ,N
ደቛሲ,N
ደበላን,N
ደበሰ,N
ደበስ,N
ደበና,N
ደበንገረ,N
ደቡብ,N
ደባንገረ,N
ደባኢቶ,N
ደብላቒ,N
ደብሪ,N
ደብተራ,N
ደብተር,N
ደብዳበ,N
ደብዳቤ,N
ደብዳቤታት,N
ደንቀሮ,N
ደንቃብ,N
ደንበ,N
ደንደለ,N
ደንደላ,N
ደንደስ,N
ደንጓዩ,N
ደንጸዎ,N
ደኸየ,N
ደወል,N
ደዋሊ,N
ደዌ,N
ደውምባል,N
ደያኑ,N
ደይስ,N
ደይነት,N
ደገፍ,N
ደጉዐ,N
ደጉደገ,N
ደጋፊ,N
ደግሲ,N
ደግዓ,N
ደግዳጊት,N
ደጐዐ,N
ደጐዓ,N
ደፋኢ,N
ደፋእታዊ,N
ደፍራይ,N
ዱላ,N
ዱልሲመር,N
ዱማ,N
ዱምና,N
ዱር,N
ዱሽ,N
ዱባ,N
ዱቦላ,N
ዱኻ,N
ዱኽዒ,N
ዱዃ,N
ዱጓና,N
ዲል,N
ዲረክተር,N
ዲረክተርነት,N
ዲስካስ,N
ዲስኮ,N
ዲስፕሊን,N
ዲበላ,N
ዲን,N
ዲኖ,N
ዲዘል,N
ዲዞ,N
ዲዞነት,N
ዲያቆናዊ,N
ዲያቆን,N
ዲያብሎስ,N
ዲያፍራም,N
ዲግሪ,N
ዲጒዲጒታ,N
ዲፍራን,N
ዲፍተርያ,N
ዲፕሎማ,N
ዲፕሎማሲ,N
ዲፕሎማት,N
ዳህሳሲ,N
ዳህሳስ,N
ዳልያ,N
ዳልጋ,N
ዳሕረዋይ,N
ዳማ,N
ዳሜራ,N
ዳርባዓረር,N
ዳቋ,N
ዳቕያ,N
ዳንኬራ,N
ዳንደ,N
ዳንዱር,N
ዳንዴር,N
ዳንጋ,N
ዳኛ,N
ዳኝነት,N
ዳእሳ,N
ዳክዋ,N
ዳዕመሰ,N
ዳያኑ,N
ዳያፍራም,N
ዳይም,N
ዳይኖሰር,N
ዳዮክሳይድ,N
ዳዶ,N
ዳገት,N
ዳጌት,N
ዳጌፋ,N
ዳግማይ,N
ዳግም,N
ዳጎ,N
ዳጎነ,N
ዳፍኒ,N
ዳፎዲል,N
ዴሳዊ,N
ዴስነት,N
ድöጉዐ,N
ድህለላ,N
ድለባ,N
ድሉውነት,N
ድሌት,N
ድልየት,N
ድልያ,N
ድልድል,N
ድሕሪት,N
ድሕነት,N
ድሕንነት,N
ድሙ,N
ድሙኣዊ,N
ድምር,N
ድምሰሳ,N
ድምሳስ,N
ድምቀት,N
ድምበዛን,N
ድምበጃን,N
ድምባወ,N
ድምያ,N
ድምደማ,N
ድምጺ,N
ድረሰር,N
ድሩፕ,N
ድሪ,N
ድራር,N
ድራኸ,N
ድራጎን,N
ድርሰት,N
ድርሳን,N
ድርቀት,N
ድርቂ,N
ድርቅና,N
ድርቋ,N
ድርቡሽ,N
ድርባይ,N
ድርኩኺት,N
ድርኪ,N
ድርኺት,N
ድርዒ,N
ድርዓውያን,N
ድርዕቶ,N
ድርዳር,N
ድርጎኛ,N
ድርጓሐ,N
ድሮ,N
ድሮፕሲ,N
ድስቲ,N
ድስካለ,N
ድቂ,N
ድቓላ,N
ድቝስ,N
ድበት,N
ድባራ,N
ድባብ,N
ድባነ,N
ድብላቕ,N
ድብልቕላቕ,N
ድብኦ,N
ድነ,N
ድንሽ,N
ድንነት,N
ድንኩል,N
ድንኪ,N
ድንዙዝነት,N
ድንዛዘ,N
ድንደላ,N
ድንድል,N
ድንገት,N
ድንጋረ,N
ድንጋገ,N
ድንጋጌ,N
ድንጋጸ,N
ድንግሊል,N
ድንግልና,N
ድንግርግር,N
ድንጻወ,N
ድንጽዉና,N
ድካለ,N
ድኳን,N
ድኻም,N
ድኽመት,N
ድኽነት,N
ድኽድኽ,N
ድወት,N
ድዋስ,N
ድውይ,N
ድዎደኑም,N
ድዑል,N
ድያበ,N
ድዱዕ,N
ድድዕ,N
ድገ,N
ድጊ,N
ድጋመት,N
ድጋፍ,N
ድግማ,N
ድግግም,N
ድጓና,N
ድፋእ,N
ድፋዕ,N
ድፍረተዳኛ,N
ድፍረት,N
ድፍራስ,N
ድፍኢት,N
ዶላር,N
ዶልሺ,N
ዶማ,N
ዶርማውስ,N
ዶሮና,N
ዶሶ,N
ዶባት,N
ዶብ,N
ዶንጎላ,N
ዶክ,N
ዶክተር,N
ዶየን,N
ዶዳ,N
ዶጉለጸ,N
ዶግደገ,N
ጀሆቫ,N
ጀለብያ,N
ጀሊግናይት,N
ጀላቢ,N
ጀላባይ,N
ጀልዓፈ,N
ጀልጋድ,N
ጀልጋፍ,N
ጀልፋፍ,N
ጀማሊ,N
ጀማሪ,N
ጀማራይ,N
ጀረቔ,N
ጀረፈ,N
ጀራቚ,N
ጀርም,N
ጀርዲን,N
ጀባጁብ,N
ጀት,N
ጀነረተር,N
ጀና,N
ጀንጀነ,N
ጀኦመትሪ,N
ጀኦግራፊ,N
ጀኦግራፍ,N
ጀኦፊዚክስ,N
ጀኦፖለቲካ,N
ጀውሃር,N
ጀዝ,N
ጀያ,N
ጁት,N
ጁንታ,N
ጁንጉላ,N
ጁክቦክስ,N
ጁኽ,N
ጁዶ,N
ጁፒተር,N
ጂምባል,N
ጂምናስት,N
ጂምናዝዩም,N
ጂምናዝዮም,N
ጂምካና,N
ጂሮስኮፕ,N
ጂሶ,N
ጂን,N
ጂንሰንግ,N
ጂንስ,N
ጂንኮ,N
ጂየም,N
ጂፕ,N
ጂፕሱም,N
ጂፕሲ,N
ጃህራ,N
ጃላነት,N
ጃልባ,N
ጃስፐር,N
ጃቨሊን,N
ጃንሆይ,N
ጃንዳ,N
ጃንጥላ,N
ጃኬት,N
ጃኮቢን,N
ጃዝ,N
ጃጓር,N
ጃፓናዊ,N
ጅሆ,N
ጅላበ,N
ጅልዓፍ,N
ጅማት,N
ጅምላ,N
ጅራቔ,N
ጅራታም,N
ጅርመናዊ,N
ጅርቄት,N
ጅርባ,N
ጅባ,N
ጅብጃበ,N
ጅኔ,N
ጅንጅብል,N
ጅግል,N
ጅግና,N
ጅግንነት,N
ጆመትሪ,N
ጆራቊ,N
ጆራቚ,N
ጆከር,N
ገሃነም,N
ገሃጺ,N
ገለብ,N
ገላጋሊ,N
ገላጺ,N
ገልዒ,N
ገልደሮዝ,N
ገመል,N
ገመድ,N
ገሚክ,N
ገምሪ,N
ገምበል,N
ገምቢ,N
ገምታ,N
ገምገም,N
ገምጋሚ,N
ገምጋም,N
ገረንገረ,N
ገረንገራ,N
ገረንገራት,N
ገረንገራዊ,N
ገረድ,N
ገራሒ,N
ገርሀኛ,N
ገርዚ,N
ገርጨው,N
ገርጫዋነት,N
ገርጫው,N
ገስጋስነት,N
ገበላ,N
ገበል,N
ገበር,N
ገበተ,N
ገበነኛ,N
ገበነኛነት,N
ገበን,N
ገባሪ,N
ገባራይ,N
ገባር,N
ገባሮ,N
ገቶ,N
ገነት,N
ገንሸል,N
ገንኢ,N
ገንዘብ,N
ገንዚ,N
ገውታ,N
ገዓሪ,N
ገዓት,N
ገዛ,N
ገዛቨትሮ,N
ገዛኢ,N
ገዝሚ,N
ገያሺ,N
ገያሻይ,N
ገይጀር,N
ገደል,N
ገደበ,N
ገደብ,N
ገዳም,N
ገዳምነት,N
ገድሊ,N
ገጠር,N
ገጣሚ,N
ገጣሚት,N
ገጻዊ,N
ገጽ,N
ገፈል,N
ገፈጠ,N
ገፋዒ,N
ገፍዐ,N
ጉmንዲል,N
ጉለ,N
ጉሉሕነት,N
ጉላሽ,N
ጉልላት,N
ጉልሓት,N
ጉልሕሚሽ,N
ጉልሻ,N
ጉልበት,N
ጉልባሽ,N
ጉልባብ,N
ጉልተኛ,N
ጉልቲ,N
ጉልድባ,N
ጉሒላ,N
ጉማረ,N
ጉምሩክ,N
ጉራ,N
ጉራማይለ,N
ጉራደ,N
ጉራድ,N
ጉርሒ,N
ጉርብትና,N
ጉርንጕሪት,N
ጉርዝውና,N
ጉርጉማ,N
ጉርጓሕ,N
ጉሳ,N
ጉሳዕ,N
ጉስማጥ,N
ጉስነታዊ,N
ጉስያ,N
ጉስጢ,N
ጉባኤ,N
ጉብዝና,N
ጉብጉብና,N
ጉቦ,N
ጉታ,N
ጉንቦ,N
ጉንዱብ,N
ጉንዲ,N
ጉንጓ,N
ጉንፍጥ,N
ጉዑር,N
ጉዕዞ,N
ጉዝጓዝ,N
ጉያ,N
ጉዳይ,N
ጉድ,N
ጉድለት,N
ጉድኣታዊነት,N
ጉድኣት,N
ጉድጉዶ,N
ጉድጓድ,N
ጉዶ,N
ጉጅለ,N
ጉጅላዊነት,N
ጉጅምጁም,N
ጉጅምጅም,N
ጉጤት,N
ጉጭ,N
ጊላ,N
ጊል,N
ጊልያ,N
ጊልያነት,N
ጊሐ,N
ጊቦን,N
ጊታር,N
ጊኒ,N
ጊንጢነት,N
ጊዛ,N
ጊደበሉ,N
ጊድራ,N
ጊድጊዳ,N
ጋህረት,N
ጋህሲ,N
ጋህዲ,N
ጋለሪያ,N
ጋለበ,N
ጋሊ,N
ጋላንቲን,N
ጋላክሲ,N
ጋላዶ,N
ጋሌዶ,N
ጋልቫንነት,N
ጋልዮን,N
ጋልደን,N
ጋሕፈለ,N
ጋማ,N
ጋም,N
ጋምበሪ,N
ጋምባለ,N
ጋምባሎ,N
ጋረደ,N
ጋራዲ,N
ጋራጅ,N
ጋርደኒያ,N
ጋሮ,N
ጋስትራይት,N
ጋሻ,N
ጋቓ,N
ጋቢ,N
ጋቢና,N
ጋቢያ,N
ጋባርዲን,N
ጋብላ,N
ጋብር,N
ጋብርዲን,N
ጋብያ,N
ጋነት,N
ጋኒ,N
ጋኒን,N
ጋኔን,N
ጋንታ,N
ጋንግሊዮን,N
ጋንጽላ,N
ጋውሕታ,N
ጋዓዝ,N
ጋዕሲ,N
ጋዕዚ,N
ጋዕገልጠም,N
ጋዕጋዕ,N
ጋዜጠኛ,N
ጋዜጠኛነት,N
ጋዜጣ,N
ጋዝ,N
ጋዞመትር,N
ጋይናኮሎጂ,N
ጋጀዮን,N
ጋግ,N
ጌስታፖ,N
ጌጋ,N
ጌጸኛ,N
ጌጽ,N
ግህሰት,N
ግለላ,N
ግለኣደብ,N
ግሉልነት,N
ግሉኮዝ,N
ግሊሰሪን,N
ግላንደርስ,N
ግላዕ,N
ግላዝ,N
ግላድያቶር,N
ግልበጣ,N
ግልባጥ,N
ግልቨና,N
ግሎብ,N
ግሎቲስ,N
ግሎክንስፒል,N
ግሎኮማ,N
ግሕታነ,N
ግማዕ,N
ግማድ,N
ግምቢ,N
ግምት,N
ግምጃ,N
ግምጋመ,N
ግምጡል,N
ግረብ,N
ግሪምቢጥ,N
ግሪፎን,N
ግራሚፎን,N
ግራማፎን,N
ግራም,N
ግራሶ,N
ግራት,N
ግራንድነት,N
ግራውንድስል,N
ግራጫ,N
ግራፋይት,N
ግራፍ,N
ግርህነት,N
ግርህና,N
ግርማ,N
ግርምቢጥ,N
ግርምብያለ,N
ግርደታዊ,N
ግርጭት,N
ግርጻን,N
ግሲ,N
ግስላ,N
ግስርጥና,N
ግስጋሰ,N
ግቢ,N
ግብሪ,N
ግብራዊነት,N
ግብራውነት,N
ግብኣት,N
ግብዝ,N
ግብዝና,N
ግብጣን,N
ግታረ,N
ግትኣት,N
ግና,N
ግናይ,N
ግናይነት,N
ግንቢ,N
ግንባር,N
ግንብንብ,N
ግንቦት,N
ግንዛበ,N
ግንጫረ,N
ግንጽል,N
ግንፋለ,N
ግዒሮ,N
ግዕዘይ,N
ግዕዙይ,N
ግዕዝም,N
ግዕዝይና,N
ግዕየት,N
ግዕጋዕ,N
ግዙእ,N
ግዚ,N
ግዛዕ,N
ግዜ,N
ግዜኣዊ,N
ግዝረት,N
ግዝት,N
ግዝኣት,N
ግዝዋ,N
ግዝዝዕ,N
ግዝያውነት,N
ግዝፊ,N
ግዱድነት,N
ግዳይ,N
ግዳደ,N
ግዴታ,N
ግድል,N
ግድምና,N
ግድብ,N
ግድፈት,N
ግጥሚ,N
ግጥም,N
ግጭት,N
ግፋፍ,N
ግፍሒ,N
ግፍዒ,N
ግፍፍታ,N
ጎልያድ,N
ጎልጎል,N
ጎልጎታ,N
ጎልፎ,N
ጎሎ,N
ጎመመ,N
ጎመራ,N
ጎማ,N
ጎረቤት,N
ጎሪላ,N
ጎርስ,N
ጎርቢ,N
ጎርዞ,N
ጎርጉሐ,N
ጎርጐሐ,N
ጎርጐረ,N
ጎርጓር,N
ጎሮሮ,N
ጎበዝ,N
ጎባይ,N
ጎብለል,N
ጎብየ,N
ጎብያ,N
ጎቦ,N
ጎነጽ,N
ጎንደራ,N
ጎንጨ,N
ጎዝ,N
ጎዞሞ,N
ጎይቢ,N
ጎድኒ,N
ጎድፍ,N
ጎጆ,N
ጎጎ,N
ጎፈር,N
ጐሃረ,N
ጐለ,N
ጐሓፊ,N
ጐሓፍ,N
ጐማ,N
ጐረሮ,N
ጐርዞ,N
ጐርጐሐ,N
ጐሰሰ,N
ጐስጓሲ,N
ጐስጓስ,N
ጐበዝ,N
ጐብለል,N
ጐብለልነት,N
ጐብጐበ,N
ጐብጓበ,N
ጐታቲ,N
ጐንየ,N
ጐኖ,N
ጐዝጐዘ,N
ጐዞሞ,N
ጐይተተ,N
ጐይታ,N
ጐይታቲት,N
ጐይታይ,N
ጐደል,N
ጐደበ,N
ጐደና,N
ጐድኒ,N
ጐድፍ,N
ጐጽታ,N
ጐፍ,N
ጒላሑጻ,N
ጓሂ,N
ጓህሪ,N
ጓለንስተይቲ,N
ጓል,N
ጓልሕድርትና,N
ጓልነት,N
ጓልጓል,N
ጓሓፍ,N
ጓመድ,N
ጓርኒስዮነ,N
ጓንቲ,N
ጓንቴራ,N
ጓንጓ,N
ጓዕዚ,N
ጓዕፋር,N
ጓይላ,N
ጕለሞት,N
ጠለበዱ,N
ጠለብ,N
ጠሊ,N
ጠላፊ,N
ጠሓኒ,N
ጠመ,N
ጠማሪ,N
ጠምባቒ,N
ጠምዘዘ,N
ጠረሰ,N
ጠረበዛ,N
ጠረጴዛ,N
ጠረፍ,N
ጠሪሱ,N
ጠራዒ,N
ጠራዕራዕ,N
ጠሰመ,N
ጠስነ,N
ጠቐር,N
ጠቓሚነት,N
ጠቓምነት,N
ጠቕላላ,N
ጠበቓዊ,N
ጠበንጃ,N
ጠቢብ,N
ጠባቒ,N
ጠባዊ,N
ጠባይ,N
ጠነሰት,N
ጠንቋሊ,N
ጠንቋሊት,N
ጠንቋላይ,N
ጠወያ,N
ጠዓሚ,N
ጠዓሞት,N
ጠያቒ,N
ጠጥዒ,N
ጠፈር,N
ጠፈርተኛ,N
ጠፊእነት,N
ጠፍታ,N
ጠፍያ,N
ጡባዊ,N
ጡብ,N
ጡጥ,N
ጢሽ,N
ጢው,N
ጢጦ,N
ጣላዕ,N
ጣልቃ,N
ጣሳ,N
ጣሻ,N
ጣቋ,N
ጣንጡ,N
ጣኦት,N
ጣውላ,N
ጣውስ,N
ጣውጣዋ,N
ጣዕሚ,N
ጣዕሳ,N
ጣዕታ,N
ጣዕዋ,N
ጣዕጣዕታ,N
ጣዖት,N
ጣፍ,N
ጤል,N
ጤረር,N
ጤረፍ,N
ጥሉብ,N
ጥላፍ,N
ጥልመት,N
ጥልቀት,N
ጥልፊ,N
ጥሕለት,N
ጥሕሰት,N
ጥሕና,N
ጥሙርነት,N
ጥሚ,N
ጥማዕ,N
ጥሜት,N
ጥምረት,N
ጥምቀት,N
ጥምቢ,N
ጥምባቍ,N
ጥምባቝ,N
ጥምዘዛ,N
ጥምየት,N
ጥምጣም,N
ጥረምረ,N
ጥረሽኮር,N
ጥረነት,N
ጥሩምበኛታት,N
ጥሩምባ,N
ጥሪ,N
ጥሪት,N
ጥራሑ,N
ጥራዝ,N
ጥራዩ,N
ጥርሙዝ,N
ጥርሺ,N
ጥርቂ,N
ጥርቅምቃም,N
ጥርቡሽ,N
ጥርናፈ,N
ጥርዓን,N
ጥርዚ,N
ጥርዝያ,N
ጥርጠራ,N
ጥርጣረ,N
ጥሻ,N
ጥቀና,N
ጥቅምቲ,N
ጥቐሳ,N
ጥቓጥቓ,N
ጥቕለላ,N
ጥቕላለ,N
ጥቕላል,N
ጥቕመልቦ,N
ጥቕሚ,N
ጥቕሲ,N
ጥቕስታት,N
ጥበበኛነት,N
ጥበብ,N
ጥቢቆ,N
ጥባቕ,N
ጥብቀት,N
ጥብቂነት,N
ጥብቆ,N
ጥንሲ,N
ጥንቁልና,N
ጥንቃቐ,N
ጥንቆላ,N
ጥንቆላዊ,N
ጥንቈላ,N
ጥንግንግ,N
ጥንጣነ,N
ጥንጥላ,N
ጥዋፍ,N
ጥውየት,N
ጥውያ,N
ጥውይዋይ,N
ጥውዮ,N
ጥውጥዋይ,N
ጥዕምቶ,N
ጥዕና,N
ጥያቐ,N
ጥያቔ,N
ጥጣሐ,N
ጥጣዐ,N
ጥፈሻ,N
ጥፍሒ,N
ጥፍሽና,N
ጥፍኣት,N
ጥፍጣፍ,N
ጦብላሕታ,N
ጦብላቝ,N
ጦብሎቕታ,N
ጦብያ,N
ጦፋዕታ,N
ጦፍ,N
ጦፍታ,N
ጨለፈ,N
ጨልገመ,N
ጨማቲ,N
ጨማታይ,N
ጨረመ,N
ጨረቐ,N
ጨረታ,N
ጨርሒ,N
ጨርቀመርቂ,N
ጨሮባይ,N
ጨቖምጠ,N
ጨብጨብታ,N
ጨተራ,N
ጨና,N
ጨንገፈ,N
ጨንጨሮማ,N
ጨንፈር,N
ጨኳኒ,N
ጨዋም,N
ጨው,N
ጨየፈ,N
ጨያፍ,N
ጨደደ,N
ጨዳሪ,N
ጨዳድ,N
ጨገረት,N
ጨጎራ,N
ጨጐራ,N
ጨጨሐ,N
ጨጨፈ,N
ጨፈቃ,N
ጨፋዕታ,N
ጩራ,N
ጫለዳ,N
ጫሌዳ,N
ጫማ,N
ጫርቃን,N
ጫቚት,N
ጫካ,N
ጫውጫው,N
ጫውጫውታ,N
ጫጠለ,N
ጫፍ,N
ጭላጦ,N
ጭላፍ,N
ጭልግሚት,N
ጭልፋ,N
ጭልፎ,N
ጭሕሚ,N
ጭሕጋረ,N
ጭሕጋር,N
ጭሕጎ,N
ጭሖሎ,N
ጭሙትነት,N
ጭማራ,N
ጭምደዳ,N
ጭረሖ,N
ጭረት,N
ጭራ,N
ጭራም,N
ጭራሮ,N
ጭራቅ,N
ጭርምራም,N
ጭርቃን,N
ጭርታ,N
ጭርውርው,N
ጭቁን,N
ጭቃ,N
ጭቃታት,N
ጭቅነት,N
ጭቆና,N
ጭበጣ,N
ጭባጠ,N
ጭብ,N
ጭብጠት,N
ጭብጢ,N
ጭብጥታት,N
ጭብጥነት,N
ጭብጦ,N
ጭብጦት,N
ጭንቀት,N
ጭንቂ,N
ጭንዳሕ,N
ጭንጭራ,N
ጭንፋረ,N
ጭካነ,N
ጭኰና,N
ጭዋሕዋሕ,N
ጭዋዳ,N
ጭዋዳምናት,N
ጭውያ,N
ጭያፈ,N
ጭደራ,N
ጭዳድ,N
ጭጉራፍ,N
ጭፈታ,N
ጭፍራ,N
ጰራቅሊጦስ,N
ጳጳሮስ,N
ጳጳስ,N
ጴራቅሊጦስ,N
ጴንጣጡቕ,N
ጵጵስና,N
ጸለላ,N
ጸለሎ,N
ጸለቝ,N
ጸለተ,N
ጸላም,N
ጸላኢ,N
ጸላዊ,N
ጸላዕላዕ,N
ጸላዪ,N
ጸሎ,N
ጸሎቘት,N
ጸሎት,N
ጸሓይ,N
ጸሓፊ,N
ጸሓፋይ,N
ጸማልያ,N
ጸማልያነት,N
ጸማምነት,N
ጸማቝ,N
ጸምሪ,N
ጸረምምፍላይ,N
ጸራባይ,N
ጸራጊ,N
ጸርገባ,N
ጸርጊ,N
ጸርጋዊ,N
ጸርፊ,N
ጸቕጢ,N
ጸበባ,N
ጸባ,N
ጸባባ,N
ጸብለለ,N
ጸብለልትነት,N
ጸብሒ,N
ጸብጻባት,N
ጸብጻብ,N
ጸኒሕ,N
ጸኒታ,N
ጸንብሩኒ,N
ጸንፊ,N
ጸወታ,N
ጸዋሪ,N
ጸዋርነት,N
ጸዋዪ,N
ጸውታ,N
ጸዓት,N
ጸየፈ,N
ጸያቒ,N
ጸያቒነት,N
ጸያያቐ,N
ጸያፍ,N
ጸይቂ,N
ጸዳል,N
ጸድፊ,N
ጸገም,N
ጸገየት,N
ጸጉሪ,N
ጸጋ,N
ጸጋም,N
ጸጋኒ,N
ጸግታ,N
ጸጎጎ,N
ጸጥታ,N
ጸጸር,N
ጸጸት,N
ጸፍዒ,N
ጹረት,N
ጺጽታ,N
ጻህያይ,N
ጻላኢ,N
ጻማ,N
ጻር,N
ጻቕዳ,N
ጻኦት,N
ጻዕሪ,N
ጻዕቂ,N
ጻዕዳ,N
ጻድቕ,N
ጻጸ,N
ጽሉው,N
ጽላለ,N
ጽላል,N
ጽላሎት,N
ጽላቝ,N
ጽላት,N
ጽልሚ,N
ጽልማተ,N
ጽልቋ,N
ጽልኢ,N
ጽልኣት,N
ጽልእልእ,N
ጽልዋ,N
ጽልግልግ,N
ጽሑፍ,N
ጽሕዲ,N
ጽሕጊ,N
ጽሕፈት,N
ጽሕፍቶ,N
ጽማመ,N
ጽማረ,N
ጽማሬ,N
ጽማቕ,N
ጽምልውና,N
ጽምቋ,N
ጽምበላ,N
ጽምብለኛ,N
ጽምብላዊነት,N
ጽምብል,N
ጽምዋ,N
ጽምዲ,N
ጽሟቕ,N
ጽሩራ,N
ጽሩይነት,N
ጽራብ,N
ጽራደ,N
ጽሬት,N
ጽርበት,N
ጽርዲ,N
ጽርጋወ,N
ጽርግያ,N
ጽቕጣ,N
ጽኑዕነት,N
ጽንሓሕ,N
ጽንቃቐ,N
ጽንባረ,N
ጽንብር,N
ጽንታ,N
ጽንዓት,N
ጽንዕና,N
ጽንጽን,N
ጽንጽያ,N
ጽንፊ,N
ጽኪ,N
ጽዋ,N
ጽዋእ,N
ጽውጽዋያት,N
ጽውጽዋይ,N
ጽዓት,N
ጽዕነት,N
ጽዕንጽዕ,N
ጽዕዳ,N
ጽዖት,N
ጽያቐ,N
ጽያፈ,N
ጽያፍ,N
ጽድያ,N
ጽድፈት,N
ጽገ,N
ጽገሬዳ,N
ጽገና,N
ጽገናዊ,N
ጽጋብ,N
ጽጋዕ,N
ጽግዒ,N
ጽግዕ,N
ጽግዕተኛ,N
ጽግያ,N
ጽግያት,N
ጽጻይ,N
ጽፈት,N
ጽፍሒ,N
ጽፍዒት,N
ጾታዊነት,N
ፈለገ,N
ፈለግ,N
ፈለጸ,N
ፈላሲ,N
ፈላሲት,N
ፈላስፋ,N
ፈላዪ,N
ፈላይ,N
ፈላጢ,N
ፈላጥ,N
ፈልሲ,N
ፈሓም,N
ፈሓሪ,N
ፈሓሪቶ,N
ፈሓሰ,N
ፈረሰኛ,N
ፈረት,N
ፈረንሳዊ,N
ፈረንካ,N
ፈረንጂ,N
ፈረኽ,N
ፈሪ,N
ፈሪሳዊ,N
ፈራህ,N
ፈራህነት,N
ፈራስ,N
ፈራቒ,N
ፈራይ,N
ፈራዲ,N
ፈራዶ,N
ፈርሎንግ,N
ፈርሲ,N
ፈርሲስየ,N
ፈርታ,N
ፈርኔሎ,N
ፈርዓን,N
ፈርዝ,N
ፈሰስ,N
ፈሳሲ,N
ፈሳሲነት,N
ፈሸታ,N
ፈቐየ,N
ፈቓዪ,N
ፈተሸ,N
ፈታሒ,N
ፈታሒቶ,N
ፈታሺ,N
ፈታኒ,N
ፈታዊ,N
ፈታዊት,N
ፈትሊ,N
ፈናፍንቲ,N
ፈንጠዚያ,N
ፈንጠዝያ,N
ፈንጠጋር,N
ፈንጥሓ,N
ፈንጨለ,N
ፈኖ,N
ፈኳስ,N
ፈኸራ,N
ፈዋሲ,N
ፈዋሳይ,N
ፈውሲ,N
ፈዛንት,N
ፈደረሽን,N
ፈገር,N
ፈጣሪ,N
ፈጣን,N
ፈጥፈጥ,N
ፈጭፈጨ,N
ፈጸጋ,N
ፈጻሚ,N
ፈጽሐ,N
ፈፍታ,N
ፉል,N
ፉርዳ,N
ፉክሲያ,N
ፉኾሊ,N
ፉፍታ,N
ፊለቶ,N
ፊልም,N
ፊልበርት,N
ፊሎለጂ,N
ፊርማ,N
ፊስቱላ,N
ፊተውራሪ,N
ፊናንስ,N
ፊንታ,N
ፊንች,N
ፊዚክስ,N
ፊዚዮኖሚ,N
ፊያስኮ,N
ፊዮርድ,N
ፊደል,N
ፊጽ,N
ፋሉላዊ,N
ፋሉልነት,N
ፋል,N
ፋልሺ,N
ፋሕራይ,N
ፋሕሻው,N
ፋሕተረ,N
ፋሕጠረ,N
ፋሕፋሒ,N
ፋምታ,N
ፋምፋም,N
ፋረ,N
ፋረንሃይት,N
ፋራ,N
ፋርማሰኛ,N
ፋርማቻዊ,N
ፋርኬታ,N
ፋሲካ,N
ፋሻ,N
ፋሽስቲ,N
ፋሽስታዊ,N
ፋሽስትነት,N
ፋቐየ,N
ፋቓዪ,N
ፋኑስ,N
ፋና,N
ፋንታዝያ,N
ፋእሚ,N
ፋውና,N
ፋይዳ,N
ፋይዳኣዊነት,N
ፋይፍ,N
ፋጋ,N
ፋጎሳይት,N
ፌራ,N
ፌስታ,N
ፌኮ,N
ፍህመት,N
ፍሉክ,N
ፍሉይነት,N
ፍሊልታ,N
ፍሊት,N
ፍላሚንጎ,N
ፍላጆላት,N
ፍላጻ,N
ፍልልያዊ,N
ፍልልይ,N
ፍልሖ,N
ፍልሚያ,N
ፍልማዊነት,N
ፍልሰት,N
ፍልስቶ,N
ፍልስፍና,N
ፍልቀት,N
ፍልያ,N
ፍልጠት,N
ፍልፋለ,N
ፍሎክስ,N
ፍሕረት,N
ፍሕራ,N
ፍሕሶ,N
ፍሕሽውና,N
ፍሕኛ,N
ፍረስኮ,N
ፍረቻ,N
ፍረእኽሊ,N
ፍሪገት,N
ፍራስ,N
ፍራትሪ,N
ፍራንክፈርተር,N
ፍራውለ,N
ፍርሃት,N
ፍርሒ,N
ፍርራፍ,N
ፍርሰት,N
ፍርስራስ,N
ፍርቂ,N
ፍርናሽ,N
ፍርንጭት,N
ፍርዚያ,N
ፍርያሚነት,N
ፍርያምነት,N
ፍርያት,N
ፍርዲ,N
ፍሮማይ,N
ፍሰት,N
ፍሳ,N
ፍሳስ,N
ፍስሃ,N
ፍስቱቕ,N
ፍስቶ,N
ፍሹል,N
ፍሽለት,N
ፍቅርተይ,N
ፍቑር,N
ፍቓድ,N
ፍቕረይ,N
ፍቕሪ,N
ፍቕርቲ,N
ፍቕያ,N
ፍተሻ,N
ፍቱው,N
ፍታሕ,N
ፍትሒ,N
ፍትሓት,N
ፍትወት,N
ፍቶሪኖ,N
ፍቶታዊ,N
ፍቶት,N
ፍኑውነት,N
ፍኒክስ,N
ፍናን,N
ፍንጣሐ,N
ፍንጣሓ,N
ፍንጣሰ,N
ፍንጣጣ,N
ፍንጨላ,N
ፍንጫለ,N
ፍንጫል,N
ፍንጫጭ,N
ፍንጭልጫል,N
ፍንፈና,N
ፍንፉን,N
ፍንፋነ,N
ፍእመት,N
ፍኹሰት,N
ፍወሳ,N
ፍዘት,N
ፍዝዕ,N
ፍያቶ,N
ፍዮ,N
ፍዮሪ,N
ፍዳ,N
ፍዳይ,N
ፍድፋደ,N
ፍጅል,N
ፍግረት,N
ፍግሪ,N
ፍጡር,N
ፍጥረት,N
ፍጥነት,N
ፍጹምነት,N
ፍጻመ,N
ፍጻሜ,N
ፎረስታለ,N
ፎርኖ,N
ፎሮፎር,N
ፎስፈረስ,N
ፎስፌት,N
ፎቶግራፍ,N
ፎኒም,N
ፎንዳንት,N
ፎእ,N
ፎዘጂን,N
ፎደራ,N
ፎግፎጐ,N
ፎጣ,N
ፐመራኒያን,N
ፐሪ,N
ፐሪሀሊዮን,N
ፐሪዊንክል,N
ፐራስኮፕ,N
ፐርማንጋነት,N
ፐርሰመሎ,N
ፐርሰሜሎ,N
ፐርሲሞን,N
ፐርሶነል,N
ፐርች,N
ፐሮክሳይድ,N
ፐቱኒያ,N
ፐትሮል,N
ፐኒ,N
ፐኒሲሊን,N
ፐንታትሎን,N
ፐንጉን,N
ፐኪኒዝ,N
ፐኮ,N
ፐዮኒ,N
ፐዲመንት,N
ፐዲያትሪክስ,N
ፐፕሲን,N
ፑሪታን,N
ፑች,N
ፑዲን,N
ፑድል,N
ፑፍ,N
ፑፓ,N
ፒልቻርድ,N
ፒመንቶ,N
ፒምፐርነል,N
ፒስተን,N
ፒንት,N
ፒከት,N
ፒውተር,N
ፒያሳ,N
ፒያኖ,N
ፒግሚ,N
ፒፐት,N
ፒፒን,N
ፒፓ,N
ፓምፓስ,N
ፓራቦላ,N
ፓራፊን,N
ፓርቲ,N
ፓርካ,N
ፓርጎሪክ,N
ፓሳጆ,N
ፓስቲል,N
ፓስታ,N
ፓስፖርት,N
ፓተ,N
ፓቲና,N
ፓትሹሊ,N
ፓንቶግራፍ,N
ፓንዚ,N
ፓንዳ,N
ፓዋንሳቲያ,N
ፓውንድ,N
ፓውደር,N
ፓይሎት,N
ፓጎዳ,N
ፓፓዮ,N
ፓፓጋሎ,N
ፕለቶራ,N
ፕለይስ,N
ፕለይቦይ,N
ፕለይን,N
ፕሉቶኒዮም,N
ፕሊቢያዊ,N
ፕላምበጎ,N
ፕላስቲክነት,N
ፕላቲኑም,N
ፕላቶክራሲ,N
ፕላነት,N
ፕላንተይን,N
ፕላንክቶን,N
ፕላዝማ,N
ፕላይትፑስ,N
ፕሎትክራታዊ,N
ፕረሲደንት,N
ፕረሲደንትነት,N
ፕረሲድዩም,N
ፕረሲድዮም,N
ፕረስባይተርያዊ,N
ፕሪሙላ,N
ፕሪሙስ,N
ፕሪትሰል,N
ፕሪዝም,N
ፕራቨት,N
ፕራግማታዊ,N
ፕራግማትነት,N
ፕሮቲን,N
ፕሮትራክተር,N
ፕሮቶን,N
ፕሮቶዞዋ,N
ፕሮቶፕላዝም,N
ፕሮጀክተር,N
ፕሮግራም,N
ፕሮፈሰር,N
ፕሮፈሰርነት,N
ፕሮፓጋንዳ,N
ፕስታረ,N
ፖለቲካ,N
ፖለቲክኒክ,N
ፖሊሲን,N
ፖሊስ,N
ፖሊያንቱስ,N
ፖሊዮ,N
ፖሊጋሚ,N
ፖሊፕ,N
ፖል,N
ፖልካ,N
ፖልያንድሪ,N
ፖሎ,N
ፖሎኒዝ,N
ፖሚሎ,N
ፖምፖን,N
ፖርትፍልዮ,N
ፖርፈሪ,N
ፖሱም,N
ፖስተር,N
ፖታስዮም,N
ፖታሽ,N
ፖንጂ,N
ፖከር,N
ፖግ,N
ፖግራም,N
ፖፕላር,N
ሁፐር,A
ሂወታዊ,A
ሃልሃልታዊ,A
ሃማም,A
ሃሜናዊ,A
ሃረርተኛ,A
ሃሩር,A
ሃራር,A
ሃራዊ,A
ሃርጋፍ,A
ሃርጓም,A
ሃሳሲ,A
ሃሳስ,A
ሃሳዪ,A
ሃሳይ,A
ሃብታም,A
ሃናን,A
ሃናጺ,A
ሃንቀውታዊ,A
ሃንደበታዊ,A
ሃንዳፍ,A
ሃንጎሊማ,A
ሃካይ,A
ሃዋሃዋዊ,A
ሃዋህዋዊ,A
ሃዋርያዊ,A
ሃዋሲ,A
ሃዋኺ,A
ሃውሪ,A
ሃዝራጥ,A
ሃይማኖተኛ,A
ሃይማኖታኛ,A
ሃይማኖታዊ,A
ሃይድሮኤለትሪክ,A
ሃዳሚ,A
ሃዳዲ,A
ሃገራዊ,A
ሃጓም,A
ሃጸያዊ,A
ሃጸይነታዊ,A
ሃፋፊ,A
ህሉኽ,A
ህሉው,A
ህልኸኛ,A
ህልዊ,A
ህልው,A
ህሙል,A
ህሞታዊ,A
ህሩም,A
ህሩግታዊ,A
ህሩፍ,A
ህርኩት,A
ህሱይ,A
ህኑን,A
ህንጡይ,A
ህዉኽ,A
ህዋሳዊ,A
ህዋኣዊ,A
ህውላለኣዊ,A
ህውኽ,A
ህውጽ,A
ህዝባዊ,A
ህየላዊ,A
ህያባዊ,A
ህያው,A
ህይወታዊ,A
ህዱእ,A
ህድሁድ,A
ህድህድ,A
ህድእ,A
ህጉር,A
ህጡር,A
ህጹጽ,A
ለመጭ,A
ለማሽ,A
ለምለም,A
ለምባእ,A
ለምባጥ,A
ለበዋዊ,A
ለባም,A
ለባዒ,A
ለኻት,A
ለዅሳስ,A
ለዋህ,A
ለዋይ,A
ለውላው,A
ለዓቢ,A
ለይታዊ,A
ለጋስ,A
ለጋቶ,A
ለግላግ,A
ለፍላፊ,A
ሉተራዊ,A
ላህላሂ,A
ላህማም,A
ላህዛዝ,A
ላሕታት,A
ላቲን,A
ላንጋላንጋ,A
ላዕላይ,A
ላግጻዊ,A
ልህመት,A
ልሉይ,A
ልሑኽ,A
ልሕሉሕ,A
ልሕጻጽ,A
ልሙስ,A
ልሙዕ,A
ልሙድ,A
ልሙጽ,A
ልምሉል,A
ልምሉም,A
ልምዳዊ,A
ልምጸት,A
ልስሉስ,A
ልቀታዊ,A
ልቡዕ,A
ልቡድ,A
ልቡጥ,A
ልባስ,A
ልባዊ,A
ልብወለዳዊ,A
ልቦናዊ,A
ልኡላዊ,A
ልኡም,A
ልክዕ,A
ልዑል,A
ልዕለ,A
ልዙብ,A
ልጎታዊ,A
ሎኽላዅ,A
ሒለላዊ,A
ሒልጎቦኣዊ,A
ሒደት,A
ሓለንጋይ,A
ሓላዪ,A
ሓላይ,A
ሓመኹሽታይ,A
ሓመዳዊ,A
ሓሙኹሽታይ,A
ሓሙዅሽታይ,A
ሓምራይ,A
ሓምኹሽታይ,A
ሓሞታዊ,A
ሓረጋዊ,A
ሓረጣዊ,A
ሓሪጫዊ,A
ሓራ,A
ሓራም,A
ሓራቕ,A
ሓራዪ,A
ሓርማዛዊ,A
ሓርናኺ,A
ሓርፋፍ,A
ሓሰማዊ,A
ሓሳቢ,A
ሓሳባዊ,A
ሓሳኽ,A
ሓሳዊ,A
ሓሻሺ,A
ሓሻሽ,A
ሓቀኛ,A
ሓቂ,A
ሓቒቓዊ,A
ሓቓቒ,A
ሓቓዪ,A
ሓበሬታዊ,A
ሓበጀራይ,A
ሓባራዊ,A
ሓባይብ,A
ሓባጥ,A
ሓቦኛ,A
ሓናኽ,A
ሓንቲ,A
ሓንጎላዊ,A
ሓንጐላዊ,A
ሓወልታዊ,A
ሓወቦኣዊ,A
ሓዋዪ,A
ሓያል,A
ሓያሎ,A
ሓያሎይ,A
ሓዲግ,A
ሓድሕዳዊ,A
ሓድሽ,A
ሓጋያዊ,A
ሓጋጊ,A
ሓጢኣተኛታት,A
ሓጺር,A
ሓጺናዊ,A
ሓፈሻዊ,A
ሓፊስ,A
ሓፋር,A
ሕሉን,A
ሕልማዊ,A
ሕሙም,A
ሕማቕ,A
ሕሩቕ,A
ሕሩይ,A
ሕርሙዝ,A
ሕርሻዊ,A
ሕርቱም,A
ሕሰማዊ,A
ሕሱም,A
ሕሱር,A
ሕሳባዊ,A
ሕሹኽታ,A
ሕቡራት,A
ሕቡር,A
ሕቡን,A
ሕቡእ,A
ሕቡጥ,A
ሕብረተሰብኣዊ,A
ሕብራዊ,A
ሕኑኽ,A
ሕንዛም,A
ሕንግድ,A
ሕንጻጻዊ,A
ሕክምናዊ,A
ሕኳር,A
ሕዉስ,A
ሕውስ,A
ሕዙን,A
ሕዙእ,A
ሕያዋይ,A
ሕዱር,A
ሕጉስ,A
ሕጉስቲ,A
ሕጉግ,A
ሕጋዊ,A
ሕጨጫዊ,A
ሕጹር,A
ሕጻናዊ,A
ሕፉን,A
መሃሪ,A
መሃይም,A
መለኮታዊ,A
መለኰታዊ,A
መላቚ,A
መላኢ,A
መላኺ,A
መላጥ,A
መልሓቚ,A
መልቀሳዊ,A
መልኣከሞታዊ,A
መልኣኻዊ,A
መልከዐኛ,A
መልክዐኛ,A
መሎዳዊ,A
መሓሪ,A
መሕልማዊ,A
መሕረቒ,A
መሕረቕ,A
መመላእታዊ,A
መማዪ,A
መምህራዊ,A
መሪር,A
መራት,A
መራኽቦኣዊ,A
መራጺ,A
መሬታዊ,A
መርዛም,A
መሰረታዊ,A
መሰታ,A
መሰጋግሮኣዊ,A
መሳሊ,A
መሳርያዊ,A
መሳጢ,A
መስሓቒ,A
መስሕቕ,A
መስርዓዊ,A
መስተብሃሊ,A
መስተውዓሊ,A
መስተፋቅር,A
መስኪን,A
መስገድገድ,A
መስፍናዊ,A
መሸንቦባዊ,A
መቀማቐሚ,A
መቃይሒ,A
መቃፍር,A
መቐንዘዊ,A
መቕልሳዊ,A
መቕዘን,A
መቕድማዊ,A
መቕጻዕታዊ,A
መበቆላዊ,A
መባእታዊ,A
መብራህቲ,A
መብጻዓዊ,A
መብጽዓዊ,A
መተኣታተዊ,A
መታለሊ,A
መትናዊ,A
መትከላዊ,A
መትከሪ,A
መናን,A
መናዓቢ,A
መናፍስታዊ,A
መንቀራቕሮ,A
መንካስ,A
መንደዓታዊ,A
መንጋን,A
መንጎኛ,A
መንጫዒ,A
መንፈሪ,A
መንፈሳዊ,A
መንፈሳዊነታዊ,A
መንፊታዊ,A
መንፋሕታዊ,A
መአረምታዊ,A
መኢ,A
መኣረምታዊ,A
መኣዛዊ,A
መእረምታዊ,A
መካር,A
መካኒክካዊ,A
መኹንዓዊ,A
መኻን,A
መኻኺ,A
መወስቦኣዊ,A
መወዳእታዊ,A
መዋስንቲ,A
መዋቲ,A
መውስቦኣዊ,A
መዐሾ,A
መዓልታዊ,A
መዓረይ,A
መዓረጋዊ,A
መዓሻዊ,A
መዓተኛ,A
መዓንጣዊ,A
መዓደኒ,A
መዕለበጢ,A
መዕዘምዘሚ,A
መዕጠይጠዪ,A
መዕጠጠዪ,A
መያቚ,A
መደምደምታዊ,A
መደረኣዊ,A
መደንዘዚ,A
መዳለዊ,A
መዳምቕቲ,A
መዳውብቲ,A
መድሃኒታዊ,A
መጅላግ,A
መጅሙዕ,A
መጉመጐ,A
መጉባዕብዒ,A
መጋሃጫ,A
መጋቢ,A
መጋየጺ,A
መግላዊ,A
መግባዊ,A
መግዛእታዊ,A
መጓሊ,A
መጓበቢ,A
መጠነኛ,A
መጠናዊ,A
መጠግጠጋ,A
መጣዓዊ,A
መጣዕምቲ,A
መጣግ,A
መጥቃዕታዊ,A
መጥባሕታዊ,A
መጨረሻ,A
መጭላቚ,A
መጭላቝ,A
መጭቈረ,A
መጭቋር,A
መጭጓዕ,A
መጸጸ,A
መጺጽ,A
መጻኢ,A
መጻይ,A
መጻግዕቲ,A
መጽሓፋዊ,A
መጽመቚ,A
መጽጓዕ,A
መፋለጢ,A
መፋሕፋሒ,A
መፋጥርቲ,A
መፍርቕ,A
ሙቐታዊ,A
ሙዚቃዊ,A
ሚታዊ,A
ሚትዮራዊ,A
ማሕለፊያ,A
ማሕለፍያ,A
ማሕሩር,A
ማሕቋቕ,A
ማሕቋቚ,A
ማሕቋቝ,A
ማሕቛቝ,A
ማሕበራዊ,A
ማሪታዊ,A
ማራኺ,A
ማርሞኣዊ,A
ማኑዋል,A
ማንም,A
ማንታዊ,A
ማእከላዊ,A
ማእከላይ,A
ማእዳድ,A
ማዕበላዊ,A
ማዕባሊ,A
ማዕድናዊ,A
ማዕድን,A
ማያዊ,A
ማይማዮ,A
ማይሰጠም,A
ማይክሮስኮፓዊ,A
ማጆር,A
ማግነታዊ,A
ሜታቦላዊ,A
ምህሙን,A
ምህሮኣዊ,A
ምህዞኣዊ,A
ምሉእ,A
ምልማጽ,A
ምልቡስ,A
ምልኩዕ,A
ምልካዊ,A
ምልክታዊ,A
ምልክዕቲ,A
ምሕሙሕ,A
ምሕቡር,A
ምሕናኽ,A
ምሕዝነታዊ,A
ምሕዱግ,A
ምሕፋር,A
ምምሕዳራዊ,A
ምሩኽ,A
ምሩጽ,A
ምርኡይ,A
ምርጫዊ,A
ምሱን,A
ምሱጥ,A
ምሳሌኣዊ,A
ምስላዊ,A
ምስትንፋሳዊ,A
ምስንባድ,A
ምስኪን,A
ምስጉን,A
ምስጋእ,A
ምስጢረኛ,A
ምስጢራዊ,A
ምሸታዊ,A
ምሸት,A
ምሹው,A
ምሽሙሽ,A
ምሽታታዊ,A
ምሽዊ,A
ምቁር,A
ምቅድዳም,A
ምቍር,A
ምቕሉል,A
ምቕስቃስ,A
ምብራቓዊ,A
ምትናዊ,A
ምቹእ,A
ምኑው,A
ምናልባታዊ,A
ምንሻዋዊ,A
ምንቅስቓሳዊ,A
ምኡዝ,A
ምእሙን,A
ምእሙእ,A
ምእኩል,A
ምእዙዝ,A
ምኩሕ,A
ምኩር,A
ምክልኻላዊ,A
ምኮራዊ,A
ምኽኑይ,A
ምኽዩን,A
ምውላዳዊ,A
ምውቕ,A
ምውት,A
ምዑር,A
ምዑዝ,A
ምዕሩይ,A
ምዕሩግ,A
ምዕራባዊ,A
ምዕራይ,A
ምዕርግ,A
ምዕቡል,A
ምዙን,A
ምዙዝ,A
ምዝቡል,A
ምዱብ,A
ምድራዊ,A
ምግባዊ,A
ምጡን,A
ምጥንቃቕ,A
ምጥዋይ,A
ምጥው,A
ምጩው,A
ምጭው,A
ምጭውቲ,A
ሞለኲላዊ,A
ሞራላዊ,A
ሞርጋናዊ,A
ሞያተኛ,A
ሞግዚትነታዊ,A
ረሲእ,A
ረሲዕ,A
ረሳሕ,A
ረሳን,A
ረሳዒ,A
ረቂቕ,A
ረኻሲ,A
ረኽሳዊ,A
ረዓሚ,A
ረዚን,A
ረያል,A
ረጂመንታዊ,A
ረጋሕ,A
ረጒድ,A
ረፍዳዊ,A
ሩህሩህ,A
ርሁድ,A
ርህሩህ,A
ርሑስ,A
ርሑቕ,A
ርሒብ,A
ርሙስ,A
ርሱን,A
ርቡጽ,A
ርባዊ,A
ርትዐኛ,A
ርትዓዊ,A
ርኡይ,A
ርእየታዊ,A
ርእዮታዊ,A
ርኹስ,A
ርዱእ,A
ርዱይ,A
ርጉም,A
ርጉእ,A
ርጉጽ,A
ርግጸኛ,A
ርግጻዊ,A
ርጡበ,A
ርጡብ,A
ሰለሎ,A
ሰለፋዊ,A
ሰላሕታዊ,A
ሰላማዊ,A
ሰሌዳዊ,A
ሰሓቒ,A
ሰሓቢ,A
ሰሙናዊ,A
ሰማያዊ,A
ሰሜናዊ,A
ሰምባዲ,A
ሰረታዊ,A
ሰረትኣልቦ,A
ሰራቢ,A
ሰርሳሪ,A
ሰበኻዊ,A
ሰብነታዊ,A
ሰብኣዊ,A
ሰብኣውነታዊ,A
ሰታይ,A
ሰነዳዊ,A
ሰነፍ,A
ሰንቲግረድ,A
ሰንኮፍ,A
ሰንደቓዊ,A
ሰዋስዋዊ,A
ሰውራዊ,A
ሰዓታዊ,A
ሰይጣናዊ,A
ሰገለ,A
ሰጋው,A
ሰጓሚ,A
ሰፊሕ,A
ሰፋል,A
ሰፋሒ,A
ሰፍነጋዊ,A
ሲቪል,A
ሲኒካዊ,A
ሲኦላዊ,A
ሳልስታዊ,A
ሳንቡኣዊ,A
ሳዕቤናዊ,A
ሳይንሳዊ,A
ሳይካዊ,A
ሳይክሎናዊ,A
ሳይክሎፕያዊ,A
ሳዳዊ,A
ሴማዊ,A
ስሉም,A
ስሉጥ,A
ስላስኤዊ,A
ስልሕማዊ,A
ስልታዊ,A
ስልካይ,A
ስልጡን,A
ስልጣናዊ,A
ስሑል,A
ስሑው,A
ስሓዊ,A
ስሕድሞ,A
ስሙር,A
ስሙይ,A
ስማዊ,A
ስምምዓዊ,A
ስምዒታዊ,A
ስምዓዊ,A
ስሩሕ,A
ስሩብ,A
ስሩት,A
ስሩዕ,A
ስሩይ,A
ስሩጽ,A
ስርጸታዊ,A
ስቅተኛ,A
ስቅያታዊ,A
ስቕታ,A
ስቡሕ,A
ስቡር,A
ስብሓዊ,A
ስብቁል,A
ስብእነታዊ,A
ስቱር,A
ስታቲስካዊ,A
ስኑዕ,A
ስንብታዊ,A
ስንኩል,A
ስንኩፍ,A
ስንካም,A
ስኡን,A
ስእላዊ,A
ስእነታዊ,A
ስኩፍ,A
ስኹር,A
ስኽፍክፍታዊ,A
ስዉር,A
ስውር,A
ስውየታዊ,A
ስውይ,A
ስጉል,A
ስጉድ,A
ስጋዊ,A
ስግንጢር,A
ስጕዳም,A
ስጡሕ,A
ስፉን,A
ስፐክትሮስኮፓዊ,A
ስፓርታዊ,A
ስፖርታዊ,A
ሸለልተኛ,A
ሸልቊ,A
ሸሓጢ,A
ሸምጣጢ,A
ሸርባጥ,A
ሸታሕታሖ,A
ሸታሕትሖ,A
ሸታቲ,A
ሸንቦባዊ,A
ሸንኮለላዊ,A
ሸንጓሕ,A
ሸዋዝ,A
ሸያብ,A
ሸገ,A
ሸፋኒ,A
ሸፋጢ,A
ሹቨናዊ,A
ሻራዊ,A
ሽማገለ,A
ሽማግለታት,A
ሽምጠጣዊ,A
ሽምጣዊ,A
ሽርካዊ,A
ሽርፍራፍ,A
ሽቑል,A
ሽንቅጥ,A
ሽንታዊ,A
ሽጉር,A
ሽፋናዊ,A
ቀለማዊ,A
ቀለቤታዊ,A
ቀሊል,A
ቀልባዊ,A
ቀልጻማ,A
ቀልጻም,A
ቀመማዊ,A
ቀረጻዊ,A
ቀራን,A
ቀሳቢ,A
ቀስቃሲ,A
ቀሻሺ,A
ቀቢላዊ,A
ቀባጥ,A
ቀብራዊ,A
ቀታሊ,A
ቀታል,A
ቀናን,A
ቀናእ,A
ቀንቁን,A
ቀዛሒ,A
ቀዝሓዊ,A
ቀያሕታይ,A
ቀይሕ,A
ቀዳማዊ,A
ቀዳማይ,A
ቀጠነ,A
ቀጢን,A
ቀጥታዊ,A
ቀጻሊ,A
ቁልቁል,A
ቁምጠ,A
ቁርጽራጽ,A
ቁስሊ,A
ቁስላዊ,A
ቁንቁኛዊ,A
ቁንጣሮ,A
ቁንጹብ,A
ቁጠዓዊ,A
ቁጡብ,A
ቁጡዕ,A
ቁጥዐኣዊ,A
ቂመኛ,A
ቂያ,A
ቃልብቓል,A
ቃናዊ,A
ቃንጃ,A
ቄናን,A
ቅሁም,A
ቅሉዕ,A
ቅላጣዊ,A
ቅልውላዋዊ,A
ቅልጡፍ,A
ቅርሕንታዊ,A
ቅርቅርቲ,A
ቅርዑይ,A
ቅርጥማታዊ,A
ቅርጻዊ,A
ቅሱብ,A
ቅሱን,A
ቅቡል,A
ቅቡእ,A
ቅባኣውንታዊ,A
ቅትለታዊ,A
ቅኑዕ,A
ቅኑይ,A
ቅንዕናዊ,A
ቅዋማዊ,A
ቅውም,A
ቅዙን,A
ቅዙዝ,A
ቅዩም,A
ቅዱስ,A
ቅድሚታዊ,A
ቅድማዊ,A
ቅድው,A
ቅጥዓዊ,A
ቅጹዕ,A
ቅጽበታዊ,A
ቆሚጣ,A
ቆማል,A
ቆማት,A
ቆራሪ,A
ቆራጽ,A
ቆርቋር,A
ቆርጫጭ,A
ቆንስላዊ,A
ቆንቋን,A
ቆዛሚ,A
ቆዝሞሳዊ,A
ቆዝሞፖሊተኛ,A
ቆዝሞፖሊታዊ,A
ቆይቋም,A
ቆይቋይ,A
ቆጣቢ,A
ቈልዓዊ,A
ቈራሪ,A
ቈራጽ,A
ቈርማድ,A
ቈቓሊ,A
ቈጣቢ,A
ቋሕማም,A
ቋንቋዊ,A
ቍልዓዊ,A
ቍርጺ,A
ቍስሊ,A
ቍጠባዊ,A
ቍጡብ,A
ቍጡዕ,A
ቍጽራዊ,A
በሃር,A
በሃጊ,A
በሊሕ,A
በላዒ,A
በረኻ,A
በረዳዊ,A
በሪኽ,A
በራሲ,A
በራዚ,A
በራዲ,A
በርበራዊ,A
በርጋጊ,A
በርጋግ,A
በርጌስ,A
በሰሮ,A
በሶሮ,A
በሽቃጥ,A
በቃቕ,A
በቍባቚ,A
በቐላዊ,A
በቕቧቝ,A
በቝቧቚ,A
በብንእሽቶ,A
በብኽልተ,A
በብዓይነቱ,A
በብጽምዲ,A
በታኒ,A
በትናሕ,A
በናኒ,A
በካሊ,A
በዓላዊ,A
በይኑ,A
በይናዊ,A
በዳን,A
በጃ,A
በጋንጅሩ,A
በጽሒ,A
ቡርጅዋ,A
ቡርጅዋዊ,A
ቡስጣዊ,A
ባሃጊ,A
ባህላዊ,A
ባህሌላዊ,A
ባህረታዊ,A
ባህርያዊ,A
ባህዘብል,A
ባህጋዊ,A
ባሕራዊ,A
ባሕባሕ,A
ባራኺ,A
ባናዊ,A
ባእታታት,A
ባክተርያዊ,A
ባዕላዊ,A
ባዕዳዊ,A
ባዘነ,A
ባዚቃዊ,A
ባይኖምያል,A
ባዶ,A
ባጊር,A
ባጫዊ,A
ቤታዊ,A
ብሃሃ,A
ብሃም,A
ብሃር,A
ብሃንደበት,A
ብሃወኽ,A
ብሉል,A
ብሉይ,A
ብሉጽ,A
ብላሽ,A
ብላዓዊ,A
ብላይ,A
ብልሂ,A
ብልሃተኛ,A
ብልሃታዊ,A
ብልሓተኛ,A
ብልሹው,A
ብልሽው,A
ብልጹግ,A
ብሕቱው,A
ብሕታዊ,A
ብሕትውናዊ,A
ብሕያውነት,A
ብሕጊ,A
ብመሬት,A
ብመስቀላዊ,A
ብምህንጣይ,A
ብምሸት,A
ብምቕላላ,A
ብምእዙዝነት,A
ብምድሪ,A
ብሩህ,A
ብሩኽ,A
ብርሃናዊ,A
ብርሃን,A
ብርህ,A
ብርቂ,A
ብርቱዕ,A
ብርኩት,A
ብርዑን,A
ብርጡጥ,A
ብሱል,A
ብስርዓት,A
ብስንዕ,A
ብስጭው,A
ብቃንዛ,A
ብቐስታ,A
ብቐጥታ,A
ብቑዕ,A
ብቓላት,A
ብቝዕ,A
ብተንኰል,A
ብታሕጓስ,A
ብትሑት,A
ብትኑሕ,A
ብነጻ,A
ብናጻ,A
ብኡነት,A
ብኣካል,A
ብኣደብ,A
ብኣጋ,A
ብኣጋኡ,A
ብኣፍ,A
ብኹሉ,A
ብኹሉምሉ,A
ብኹር,A
ብወግዒ,A
ብወጻኢ,A
ብውሑድ,A
ብውድዕ,A
ብዓለገ,A
ብዕሉግ,A
ብዕጉግ,A
ብዘይ,A
ብዘይሃወኽ,A
ብዘይምሉእ,A
ብዘይምቅርራብ,A
ብዘይምቹእ,A
ብዘይስራሕ,A
ብዘይነጥቢ,A
ብዘይገለ,A
ብዘይገበን,A
ብዝሓዊ,A
ብዝቐልጠፈ,A
ብዩን,A
ብዱል,A
ብጉስ,A
ብግምጥልሽ,A
ብጐነጽ,A
ብጥራዩ,A
ብጥስጣስ,A
ብጫ,A
ብጫዊ,A
ብጸገም,A
ብጹሕ,A
ብጽሕቲ,A
ብጽኑዕ,A
ቦራክሳዊ,A
ቦራይ,A
ቦቕቧቕ,A
ቦኽባኺ,A
ቨይናዊ,A
ተሃናጺ,A
ተሃከየ,A
ተለስኮፓዊ,A
ተለዋዋጢ,A
ተለዋዋጣይ,A
ተለዋዪ,A
ተለጣፊ,A
ተለፓስያዊ,A
ተላሃዪ,A
ተላባዒ,A
ተላጋቢ,A
ተልመደናዊ,A
ተሓቋፊ,A
ተሓታቲ,A
ተሓታታይ,A
ተመላሲ,A
ተመሓላላፊ,A
ተመሳሊ,A
ተመሳሳሊ,A
ተመሳጢ,A
ተመናዊ,A
ተመናዪ,A
ተመክሮኣዊ,A
ተመዛዛኒ,A
ተመጣጢ,A
ተመጣጣኒ,A
ተማሓላለፊ,A
ተማራኺ,A
ተማራዃሲ,A
ተማታኢ,A
ተምበርካኺ,A
ተረግረግ,A
ተሪር,A
ተራ,A
ተራድኣዊ,A
ተራጻሚ,A
ተርታዊ,A
ተርእያዊ,A
ተሰላዂ,A
ተሰባሪ,A
ተሰከፍካፊ,A
ተሰዃዃዒ,A
ተሳናይ,A
ተስፋኣዊ,A
ተሸራፊ,A
ተሸያጢ,A
ተቋማቲ,A
ተቐራጺ,A
ተቐባሊ,A
ተቐያሚ,A
ተቐያሪ,A
ተቐያያሪ,A
ተቐያያራይ,A
ተቓራኒ,A
ተቓራዲ,A
ተቓዳዊ,A
ተቓጻሊ,A
ተቖጣዒ,A
ተቘጣዒ,A
ተቛያቚ,A
ተበኣሳይ,A
ተባላሓቲ,A
ተባኣሳይ,A
ተባዕ,A
ተባዕታዊ,A
ተተንካፊ,A
ተነቃፊ,A
ተነካኢ,A
ተነዝናዚ,A
ተነያቲ,A
ተነጻጻሪ,A
ተንሳፋፊ,A
ተንቀሳቓhሲ,A
ተንቀሳቓሲ,A
ተንካፊ,A
ተንኰለኛ,A
ተንጃሕጃሒ,A
ተኣማማኒ,A
ተኣማኒ,A
ተኣምራታዊ,A
ተኣምራዊ,A
ተኣራሚ,A
ተኣፋፊ,A
ተካል,A
ተካዚ,A
ተክኒካዊ,A
ተክኖሎጅያዊ,A
ተኸሳሲ,A
ተኸታሊ,A
ተኸታታሊ,A
ተኹታዂ,A
ተኻኢ,A
ተኻኣላይ,A
ተዀሻሚት,A
ተወለደ,A
ተወላዲ,A
ተወርሶኣዊ,A
ተወዛዪ,A
ተዋሃዲ,A
ተዋህላሊ,A
ተውለ,A
ተዓጻጻፊ,A
ተዓጻፊ,A
ተዘዋዋሪ,A
ተዛማዲ,A
ተዛራባይ,A
ተዛናቒ,A
ተዛካሪ,A
ተዝዓጊ,A
ተደላዪ,A
ተደማሪ,A
ተደናጋጺ,A
ተደጋጋሚ,A
ተዳራጊ,A
ተጀሃሪ,A
ተጃሃሪ,A
ተገማገመ,A
ተገራጫዊ,A
ተገባባሪ,A
ተገባብሮኣዊ,A
ተገንዛቢ,A
ተጋራጫዊ,A
ተጋዳሊ,A
ተጋጋዪ,A
ተጋጫዊ,A
ተግባራዊ,A
ተግብሮኣዊ,A
ተጐታቲ,A
ተጠማሪ,A
ተጠማቲ,A
ተጠራጣሪ,A
ተጠዋዋዪ,A
ተጣላዒ,A
ተጨባጢ,A
ተጸላዊ,A
ተጸማሚ,A
ተጸማቚ,A
ተጸቃጢ,A
ተጸባኢ,A
ተጸባዪ,A
ተጸንባሪ,A
ተጸዋሪ,A
ተጸያኒ,A
ተጸያፊ,A
ተጻራሪ,A
ተጻራዲ,A
ተጻራፊ,A
ተጻባኢ,A
ተጻዋሪ,A
ተጻዋራይ,A
ተፈታዊ,A
ተፈታዊት,A
ተፈናጨልቲ,A
ተፈናጫሊ,A
ተፈንጫሊ,A
ተፈዋሲ,A
ተፈጃሪ,A
ተፈጥሮነታዊ,A
ተፈጥሮኣዊ,A
ቲሕ,A
ቲቢኣዊ,A
ታሕተዋይ,A
ታሕቲ,A
ታሪኸኛ,A
ታሪኻዊ,A
ታንቴላዊ,A
ታእላው,A
ታዕናን,A
ታይሮይድ,A
ትሑት,A
ትሙም,A
ትማዊ,A
ትምህርታዊ,A
ትምኒታዊ,A
ትምክሕታዊ,A
ትሩፍ,A
ትራጅድያዊ,A
ትርኢታዊ,A
ትርኩስ,A
ትርጉማዊ,A
ትሮፒካዊ,A
ትሮፒክ,A
ትስፉው,A
ትስፍው,A
ትንሓጋዊ,A
ትንቢታዊ,A
ትንታነኣዊ,A
ትንኩፍ,A
ትንግርቲ,A
ትንግርታዊ,A
ትእዛዛዊ,A
ትኩር,A
ትኩዝ,A
ትካላዊ,A
ትኹስ,A
ትኽሎ,A
ትኽትንፋስ,A
ትኽክለኛ,A
ትኽክል,A
ትዅስ,A
ትውልዳዊ,A
ትዕቢተኛ,A
ትዕኑን,A
ትዕይንታዊ,A
ትዝታዊ,A
ትያትራዊ,A
ትዮክራሲያዊ,A
ትጉህ,A
ትጽቢታዊ,A
ትፍግእተኛ,A
ትፍግእታዊ,A
ቶማም,A
ቶግቶግታ,A
ነሃሪ,A
ነሓሳዊ,A
ነሓፈ,A
ነቃዊ,A
ነቐፌታዊ,A
ነቓጽ,A
ነቢያዊ,A
ነባሪ,A
ነባዒ,A
ነንበይኑ,A
ነኻኢ,A
ነዊሕ,A
ነዋሚ,A
ነውራም,A
ነዓቒ,A
ነዛዒ,A
ነይነይ,A
ነይናይ,A
ነዳሪ,A
ነዳር,A
ነዳይ,A
ነዳድ,A
ነገራዊ,A
ነጋሲ,A
ነግራም,A
ነጓል,A
ነፋስ,A
ነፋሻ,A
ነፋግ,A
ነፋጥ,A
ነፍሳዊ,A
ኑክለሳዊ,A
ኒላዊ,A
ናርኮቲክ,A
ናእዳዊ,A
ናውጼን,A
ናዕባዊ,A
ናይ,A
ናይትራዊ,A
ናይትሮጂናዊ,A
ናግራም,A
ናጻ,A
ናጽላዊ,A
ንላዕሊ,A
ንማለቱ,A
ንምርጫ,A
ንሰሜን,A
ንሱ,A
ንሱር,A
ንስራዊ,A
ንቑንጭልዕ,A
ንቑጽ,A
ንቕያ,A
ንቝሕ,A
ንቡር,A
ንባዕሉ,A
ንብዓታዊ,A
ንኡስ,A
ንኡድ,A
ንኣመሉ,A
ንኣርማ,A
ንኣፍ,A
ንእሽቶ,A
ንእንጭልቚት,A
ንእዋኑ,A
ንዋታዊ,A
ንዋት,A
ንውጽ,A
ንዑቕ,A
ንዓቐብ,A
ንዕቀታዊ,A
ንዕው,A
ንዚፍ,A
ንየማን,A
ንዩት,A
ንደቡብ,A
ንዱር,A
ንዱይ,A
ንድፋዊ,A
ንጉሳዊ,A
ንግሩ,A
ንግዳም,A
ንግዳዊ,A
ንጡፍ,A
ንጹህ,A
ንጹል,A
ንጻር,A
ንጽል,A
ንፉዕ,A
ንፋሳዊ,A
ንፋጣዊ,A
ኖርዳዊ,A
አትከሬኣዊ,A
ኡማዊ,A
ኡነተኛ,A
ኢህያው,A
ኢምንትነታዊ,A
ኢሰብኣዊ,A
ኢቃናዊ,A
ኢታእላው,A
ኢትሃብር,A
ኢነፍሳዊ,A
ኢንዱስትርያዊ,A
ኢዳዊ,A
ኣህራሪ,A
ኣሉታዊ,A
ኣላጋቢ,A
ኣልማሚ,A
ኣልቃሲ,A
ኣልበጠ,A
ኣልካሊናዊ,A
ኣልኮላዊ,A
ኣሕማሚ,A
ኣሕራቒ,A
ኣመለኛ,A
ኣመስጋኒ,A
ኣመቔ,A
ኣመቻቻኢ,A
ኣማላኢ,A
ኣማቲ,A
ኣማታኢ,A
ኣማጓቲ,A
ኣምሳሊ,A
ኣምኣዘ,A
ኣረመናዊ,A
ኣረሳሳኒ,A
ኣረዳኢ,A
ኣረጊት,A
ኣረጋጋጺ,A
ኣረግቶት,A
ኣራሳሳኒ,A
ኣራዊታዊ,A
ኣርማዊ,A
ኣርተሪያዊ,A
ኣርተዝያዊ,A
ኣርኣያዊ,A
ኣርካሲ,A
ኣርገፍቲ,A
ኣሰቃቒ,A
ኣሰንባዲ,A
ኣስላዂ,A
ኣስሓቒ,A
ኣስሓዪ,A
ኣስራዚኣዊ,A
ኣስራጺ,A
ኣስቆርቋሪ,A
ኣስቈርቋሪ,A
ኣስበሐ,A
ኣስተምሃሪ,A
ኣስተምህሮኣዊ,A
ኣስተብሃሊ,A
ኣስተንታኒ,A
ኣስተውዓሊ,A
ኣስካሕካሒ,A
ኣስጋኢ,A
ኣሸጋሪ,A
ኣሻዂ,A
ኣሽሙረኛ,A
ኣሽሙራዊ,A
ኣሽጋሪ,A
ኣቋናጻቢ,A
ኣቕላቢ,A
ኣቖጣዒ,A
ኣቝጸልጻሊ,A
ኣበሃውኪ,A
ኣበረኛ,A
ኣቡኸሪፋዊ,A
ኣባታዊ,A
ኣባኾቦራዊ,A
ኣባዪ,A
ኣባጫዊ,A
ኣብራሂ,A
ኣብነታዊ,A
ኣብዲ,A
ኣተባባዒ,A
ኣተዋጽኦ,A
ኣትራሪ,A
ኣትኩሮኣዊ,A
ኣትዓቢ,A
ኣትፋኢ,A
ኣቶማዊ,A
ኣቸቶኣዊ,A
ኣቺዶ,A
ኣቺዶኣዊ,A
ኣነኣኣሲ,A
ኣነዋሪ,A
ኣነዳሪ,A
ኣነጻጸሪ,A
ኣናሻዊ,A
ኣናዋጺ,A
ኣናዓቢ,A
ኣንስታያዊ,A
ኣንቀጥቃጢ,A
ኣንቃዕራሪ,A
ኣንቆልቋሊ,A
ኣንቈልቋሊ,A
ኣንበሳዊ,A
ኣንቦሽቦሸ,A
ኣንክሮኣዊ,A
ኣንዛዒ,A
ኣንጊህካ,A
ኣንጸበራቒ,A
ኣንጻራት,A
ኣንጻር,A
ኣእማኒ,A
ኣእምሮኣዊ,A
ኣእንጋዲ,A
ኣከራኻሪ,A
ኣካላዊ,A
ኣካታዒ,A
ኣካደሚያዊ,A
ኣኮኣዊ,A
ኣኳሻሚ,A
ኣኼስ,A
ኣኽር,A
ኣኽሳቢ,A
ኣኽባሪ,A
ኣወናዋኒ,A
ኣወንታ,A
ኣወንታዊ,A
ኣዋዓውዒ,A
ኣዋጃዊ,A
ኣውራጃዊ,A
ኣውቶማቲክ,A
ኣዎንታዊ,A
ኣዐጋሲ,A
ኣዕደየ,A
ኣዕጋቢ,A
ኣዝሓሊ,A
ኣዝዓጊ,A
ኣየራዊ,A
ኣየታዊ,A
ኣይሂኣዊ,A
ኣይሶስለስ,A
ኣይግሉዝ,A
ኣይግዱ,A
ኣደላዊ,A
ኣደቃሲ,A
ኣደናቒ,A
ኣደናጋሪ,A
ኣደንጻዊ,A
ኣዳግ,A
ኣድሃ,A
ኣድላዪ,A
ኣድላይ,A
ኣድልዎኣዊ,A
ኣድሓርሓሪ,A
ኣድማሳዊ,A
ኣድካሚ,A
ኣገራሚ,A
ኣገባባዊ,A
ኣገዳሲ,A
ኣገዳዲ,A
ኣጉሃዪ,A
ኣጉላዕላዒ,A
ኣጉረምራሚ,A
ኣጋር,A
ኣጋናኒ,A
ኣጠራጠሪ,A
ኣጠራጣሪ,A
ኣጠቓላሊ,A
ኣጠፋፋኢ,A
ኣጣቛሲ,A
ኣጣባቒ,A
ኣጥቃዒ,A
ኣጨናቂ,A
ኣጨናቒ,A
ኣጸላሚ,A
ኣጸቢቁ,A
ኣጸያፊ,A
ኣጸጋሚ,A
ኣጻምእ,A
ኣጽዓሪ,A
ኣፋላጢ,A
ኣፋዊ,A
ኣፍራሒ,A
ኣፖፕለቲካዊ,A
ኤለትሪካዊ,A
ኤለክትሮናዊ,A
ኤንሳይክሎፐዲያዊ,A
ኤውሮጳዊ,A
ኤጲስቆጶሳዊ,A
እሙን,A
እምቢተኛ,A
እምባሕ,A
እሩም,A
እርኑብ,A
እስተርዮፎኒክ,A
እስትራተጂያዊ,A
እቡባዊ,A
እብሪስጣዊ,A
እብራይስጥ,A
እቶታዊ,A
እንተዘይ,A
እንታይነታዊ,A
እንኮላይ,A
እንኰላይ,A
እንፋት,A
እከይ,A
እኩይ,A
እኹል,A
እዋናዊ,A
እውል,A
እውድ,A
እዝናዊ,A
እዝው,A
እዱብ,A
እጹብ,A
እጽደታዊ,A
ኦሊምፕያዊ,A
ኦሪታዊ,A
ኦርቶዶክሳዊ,A
ከረመለ,A
ከረናዊ,A
ከራሽ,A
ከርሃዊ,A
ከርሉ,A
ከርፋሕ,A
ከሳዕ,A
ከስዓዊ,A
ከቢድ,A
ከብታዊ,A
ከተማዊ,A
ከንቱ,A
ከንፈራዊ,A
ከዋኽብታዊ,A
ከውሓዊ,A
ከዳዕ,A
ከፊላዊ,A
ኩሑል,A
ኩሩዕ,A
ኩርምቲ,A
ኩርሻዊ,A
ኩርናዓዊ,A
ኩብለላ,A
ኩነታዊ,A
ኪነታዊ,A
ካህናዊ,A
ካሊኮ,A
ካልኣዊ,A
ካራመላ,A
ካቶሊክ,A
ካዕካዓዊ,A
ካዕካዕታዊ,A
ካይላዊ,A
ክህነታዊ,A
ክሊኒካዊ,A
ክላሲካዊ,A
ክልተኣዊ,A
ክልቲኡ,A
ክልቲኦም,A
ክልኩል,A
ክሩህ,A
ክሩር,A
ክርስትያን,A
ክሽናኣዊ,A
ክቡር,A
ክባዊ,A
ክብረታዊ,A
ክብራዊ,A
ክቱር,A
ክናባ,A
ክናብ,A
ክንተባዊ,A
ክእለታዊ,A
ክዉን,A
ክውን,A
ክውንነታዊ,A
ክዩፍ,A
ክፉት,A
ክፉእ,A
ክፋላዊ,A
ክፋእ,A
ክፍላዊ,A
ኮማዊ,A
ኮራዪ,A
ኮርናፍ,A
ኮርዳድ,A
ኮስቲክ,A
ኮሸምሸማዊ,A
ኮሸር,A
ኮኖመሰል,A
ኮኾባዊ,A
ኮፋዊ,A
ኮፐርኒካዊ,A
ኰራዪ,A
ኰርናፍ,A
ኰርዳድ,A
ኰክሶታዊ,A
ኲናታዊ,A
ኳሓልቃል,A
ኵሩዕ,A
ኵነናት,A
ኵናታዊ,A
ኵንትራታዊ,A
ወላድ,A
ወሓለ,A
ወሓዚ,A
ወረጃ,A
ወራራዊ,A
ወርቃዊ,A
ወሳኒ,A
ወሳኺ,A
ወስላታ,A
ወቐሳዊ,A
ወቕታዊ,A
ወተሃደራዊ,A
ወንጌላዊ,A
ወንጫር,A
ወንጫፊ,A
ወዛል,A
ወዛም,A
ወዝባዊ,A
ወይናዊ,A
ወይኣምላክ,A
ወደባት,A
ወዳቒ,A
ወድወዶ,A
ወጃብ,A
ወጅሃላይ,A
ወጋኢ,A
ወግዓዊ,A
ወጫር,A
ወጫጪ,A
ወጻኢ,A
ወጻእ,A
ወፈራዊ,A
ወፈያዊ,A
ወፈፈ,A
ወፈፌ,A
ዉሉዕ,A
ዉቑዕ,A
ዋህዮኣዊ,A
ዋላ,A
ዋሓለ,A
ዋዕላ,A
ዋዕዋዕተኛ,A
ዋዕዋዕታዊ,A
ውሁብ,A
ውለድኣዊ,A
ውልቁ,A
ውልቃዊ,A
ውልቃውነታዊ,A
ውልዶ,A
ውሑድ,A
ውሓለ,A
ውሕሉል,A
ውሩም,A
ውሩይ,A
ውርሻዊ,A
ውርደተኛ,A
ውርጹጽ,A
ውሱን,A
ውስጠዘኣዊ,A
ውሹጥ,A
ውሽጢ,A
ውሽጣዊ,A
ውቁብ,A
ውቑዕ,A
ውንዙፍ,A
ውዑይ,A
ውዕላዊ,A
ውዕውዕ,A
ውዱእ,A
ውዲታዊ,A
ውድዓዊ,A
ውድድራዊ,A
ውገሳዊ,A
ውጉዛት,A
ውጉዝ,A
ውጡር,A
ውጡን,A
ውጥረታዊ,A
ውጹእ,A
ውጹዕ,A
ውጽኢታዊ,A
ውፉይ,A
ዑዉት,A
ዑደታዊ,A
ዓለማዊ,A
ዓለምለኻዊ,A
ዓሌታዊ,A
ዓሚል,A
ዓሚቕ,A
ዓሚቚ,A
ዓሚቝ,A
ዓማሚ,A
ዓማጺ,A
ዓምራሪ,A
ዓምበርበራ,A
ዓምባቢ,A
ዓረራዊ,A
ዓርማም,A
ዓርሞሸሻዊ,A
ዓርሞሽሻዊ,A
ዓርሞሽሽ,A
ዓርዓር,A
ዓርዳድ,A
ዓሳው,A
ዓስታኽ,A
ዓስዓስ,A
ዓሽናግ,A
ዓቃል,A
ዓቐናዊ,A
ዓቢ,A
ዓባስ,A
ዓባቕ,A
ዓብላሊ,A
ዓንቃጺ,A
ዓንኬላዊ,A
ዓንኳር,A
ዓንዳዊ,A
ዓንጃል,A
ዓኼላይ,A
ዓወለ,A
ዓወታዊ,A
ዓዝዓዝ,A
ዓያሪ,A
ዓይነታዊ,A
ዓይናዊ,A
ዓዳዂ,A
ዓጀባዊ,A
ዓጃባዊ,A
ዓጃው,A
ዓጣር,A
ዓጺቕ,A
ዓጻም,A
ዓጽማዊ,A
ዓጽማይ,A
ዓፍዓፍ,A
ዕለታዊ,A
ዕሉል,A
ዕሉም,A
ዕላማዊ,A
ዕላዊ,A
ዕሙም,A
ዕሙር,A
ዕምቡብ,A
ዕምባባዊ,A
ዕሩቕ,A
ዕሩድ,A
ዕርቃዊ,A
ዕርክነታዊ,A
ዕርዑር,A
ዕርፍታዊ,A
ዕሱብ,A
ዕሳዊ,A
ዕሸላዊ,A
ዕሸል,A
ዕሽሽተኛ,A
ዕቡይ,A
ዕቡድ,A
ዕቡድብዳዊ,A
ዕቡጥ,A
ዕባራ,A
ዕብሉል,A
ዕብድብዳዊ,A
ዕቱብ,A
ዕኑው,A
ዕኑድ,A
ዕንኪላሎ,A
ዕንዙዝ,A
ዕንዛዘኣዊ,A
ዕንድኩር,A
ዕንጨይታዊ,A
ዕንጭራራዊ,A
ዕንጭቑሊት,A
ዕኽሉል,A
ዕዋላዊ,A
ዕውል,A
ዕውር,A
ዕውት,A
ዕዙም,A
ዕዙዝ,A
ዕያግ,A
ዕደላዊ,A
ዕዱይ,A
ዕድለኛ,A
ዕድላዊ,A
ዕድሎታዊ,A
ዕጉስ,A
ዕጡር,A
ዕጡቕ,A
ዕጹው,A
ዕጹፍ,A
ዕጽዉ,A
ዕጽፊ,A
ዘሀውኽ,A
ዘህተፍትፍ,A
ዘለግ,A
ዘለፋዊ,A
ዘላቕ,A
ዘልኣለማዊ,A
ዘልዛል,A
ዘሐጉስ,A
ዘሓብን,A
ዘሕስር,A
ዘሕንኽ,A
ዘሕዝን,A
ዘመናዊ,A
ዘማቲ,A
ዘረባዊ,A
ዘረፍረፋዊ,A
ዘራዊ,A
ዘራጊ,A
ዘራፊ,A
ዘርብሕ,A
ዘርዕድ,A
ዘሰምብድ,A
ዘሰቅቕ,A
ዘሰካሕክሕ,A
ዘሰገድግድ,A
ዘስቅቕ,A
ዘስተንክር,A
ዘስከፍክፍ,A
ዘስካሕክሕ,A
ዘስካሕክስ,A
ዘስደምም,A
ዘስደሞሞ,A
ዘስገድግድ,A
ዘስግእ,A
ዘሸግር,A
ዘሻሙ,A
ዘቐንዙ,A
ዘቕሕር,A
ዘቕንእ,A
ዘቝጸልጸለ,A
ዘበራትዕ,A
ዘበቝቡቝ,A
ዘባህርር,A
ዘባል,A
ዘባሳጩ,A
ዘቤት,A
ዘብለጭልጭ,A
ዘብዝሐ,A
ዘተኣዊ,A
ዘተክዝ,A
ዘታኽስ,A
ዘነውር,A
ዘንቅጥቅጥ,A
ዘንገብግብ,A
ዘንጋር,A
ዘንጸራረዎ,A
ዘንጸራሩ,A
ዘእመን,A
ዘኹርዕ,A
ዘኽስብ,A
ዘኽስፍ,A
ዘዕበድብድ,A
ዘዕግብ,A
ዘዘምበለ,A
ዘዘምብል,A
ዘየሐጉስ,A
ዘየማሱ,A
ዘየማትእ,A
ዘየምጉስ,A
ዘየሳልጥ,A
ዘየስሉኽ,A
ዘየስተብህል,A
ዘየስተውዕል,A
ዘየሸግር,A
ዘየሽሩ,A
ዘየቃልብ,A
ዘየቕልብ,A
ዘየናሕሲ,A
ዘየእንግድ,A
ዘየዋሃህድ,A
ዘየዋላውል,A
ዘየዕግብ,A
ዘየዝዕግ,A
ዘየጋላብጥ,A
ዘየጸይፍ,A
ዘየጽልል,A
ዘይሃሲ,A
ዘይሃስስ,A
ዘይሃናጺ,A
ዘይሃይማኖታዊ,A
ዘይህይወታዊ,A
ዘይህዱእ,A
ዘይልሑኽ,A
ዘይልሙድ,A
ዘይልቦናዊ,A
ዘይልዙብ,A
ዘይሓሊ,A
ዘይሓቀኛ,A
ዘይሓቂ,A
ዘይሓንኽ,A
ዘይሓዊ,A
ዘይሓፍር,A
ዘይሕለል,A
ዘይሕለን,A
ዘይሕጋዊ,A
ዘይመሖ,A
ዘይመጣጠን,A
ዘይምሁር,A
ዘይምሉእ,A
ዘይምልምማድ,A
ዘይምልክዕቲ,A
ዘይምሕር,A
ዘይምሕዋስ,A
ዘይምሕዝነታዊ,A
ዘይምምብርካኽ,A
ዘይምርት,A
ዘይምርኡይ,A
ዘይምርዑው,A
ዘይምስሉይ,A
ዘይምስጥ,A
ዘይምቕሉል,A
ዘይምብርካኽ,A
ዘይምቹእ,A
ዘይምኖ,A
ዘይምእሙእ,A
ዘይምእማን,A
ዘይምእዙዝ,A
ዘይምኽንያታዊ,A
ዘይምውቕ,A
ዘይምዑድ,A
ዘይምዕሩይ,A
ዘይምዕቡል,A
ዘይምዱብ,A
ዘይምድሙድ,A
ዘይምድራዊ,A
ዘይምጭው,A
ዘይምጭውቲ,A
ዘይሞራላዊ,A
ዘይሞያተኛዊ,A
ዘይረሳሰን,A
ዘይረብሕ,A
ዘይረአ,A
ዘይረዊ,A
ዘይርታዕ,A
ዘይርትዓዊ,A
ዘይርኡይ,A
ዘይርጉእ,A
ዘይርጉጽ,A
ዘይሰልጠነ,A
ዘይሰቲ,A
ዘይስሉኽ,A
ዘይስሉጥ,A
ዘይስልጡን,A
ዘይስምዖ,A
ዘይስሩዕ,A
ዘይስርሕ,A
ዘይስቆሮ,A
ዘይስቈር,A
ዘይስብቁል,A
ዘይስቱር,A
ዘይስነፍ,A
ዘይስኹር,A
ዘይስገድ,A
ዘይስጡም,A
ዘይሻራዊ,A
ዘይቀዋሚ,A
ዘይቀያየር,A
ዘይቀጥታዊ,A
ዘይቃዶ,A
ዘይቅሩጽ,A
ዘይቅርዑይ,A
ዘይቅርዕው,A
ዘይቅሱን,A
ዘይቅኑዕ,A
ዘይቅንዕናዊ,A
ዘይቅውም,A
ዘይቅየድ,A
ዘይቅዱው,A
ዘይቅጥዓዊ,A
ዘይቋርጽ,A
ዘይበርስ,A
ዘይባህሪያዊ,A
ዘይባህርያዊ,A
ዘይብሩህ,A
ዘይብቑዕ,A
ዘይብተኽ,A
ዘይብንቈስ,A
ዘይተሓለነ,A
ዘይተሓላለኸ,A
ዘይተሓናፈጸ,A
ዘይተመላኺ,A
ዘይተመጻረየ,A
ዘይተሞከረ,A
ዘይተራእየ,A
ዘይተሰንዐ,A
ዘይተናዘዘ,A
ዘይተንቀሳቓሲ,A
ዘይተዀሓሓለ,A
ዘይተወሃሃደ,A
ዘይተዋደደ,A
ዘይተዓረቕ,A
ዘይተዘርገፈ,A
ዘይተጃሃሪ,A
ዘይተገርሐ,A
ዘይተጸባብቐ,A
ዘይተፈታዊ,A
ዘይተፈዋሲ,A
ዘይታዊ,A
ዘይታዓረቕ,A
ዘይትስፉው,A
ዘይትስፍው,A
ዘይትኩር,A
ዘይትኽክል,A
ዘይነባሪ,A
ዘይነገራዊ,A
ዘይነጻጸል,A
ዘይናሓፍ,A
ዘይናሳሕ,A
ዘይንሕሰየሉ,A
ዘይንቀሳቐስ,A
ዘይንጡፍ,A
ዘይንጹህ,A
ዘይንጹር,A
ዘይኣልቦ,A
ዘይኣካላዊ,A
ዘይኣካኣዊ,A
ዘይኣኽባሪ,A
ዘይኣውሮጳዊ,A
ዘይኣገዳሲ,A
ዘይእረም,A
ዘይእሩም,A
ዘይእበድ,A
ዘይእቡድ,A
ዘይእኹል,A
ዘይእዋናዊ,A
ዘይእዙዝ,A
ዘይእዱብ,A
ዘይእግሞ,A
ዘይኩነታዊ,A
ዘይክልከለ,A
ዘይክሓድ,A
ዘይክቡር,A
ዘይክውን,A
ዘይወሃሃድ,A
ዘይወሓለ,A
ዘይወሳኒ,A
ዘይወዳደር,A
ዘይወግዓዊ,A
ዘይዉጽኢታዊ,A
ዘይዊንታዊ,A
ዘይውሕሉል,A
ዘይውርዙይ,A
ዘይውርጹጽ,A
ዘይውሱን,A
ዘይውቁብ,A
ዘይውዕውዕ,A
ዘይውጡን,A
ዘይውጽኢታዊ,A
ዘይዓሚቝ,A
ዘይዓግብ,A
ዘይዕላዊ,A
ዘይዕሾ,A
ዘይዕቑብ,A
ዘይዕበጥ,A
ዘይዕቱብ,A
ዘይዕድለኛ,A
ዘይዕጉስ,A
ዘይዛመድ,A
ዘይዛነቕ,A
ዘይዝሩብ,A
ዘይዝውቱር,A
ዘይደዓዓስ,A
ዘይዳረግ,A
ዘይድልዱል,A
ዘይድሙቕ,A
ዘይጀሃር,A
ዘይገሃስ,A
ዘይጉሰ,A
ዘይጉዱል,A
ዘይጋገ,A
ዘይጋጮ,A
ዘይግሉሕ,A
ዘይግሉዝ,A
ዘይግላዊ,A
ዘይግራሕ,A
ዘይግቡእ,A
ዘይግብራዊ,A
ዘይግታእ,A
ዘይግዱስ,A
ዘይጠሓስ,A
ዘይጠቅ,A
ዘይጥልቂ,A
ዘይጥሙር,A
ዘይጥርኑፍ,A
ዘይጥቅው,A
ዘይጥንቁቕ,A
ዘይጥዑይ,A
ዘይጥዓዊ,A
ዘይጥዕናዊ,A
ዘይጥጡሕ,A
ዘይጭበጥ,A
ዘይጭቡጥ,A
ዘይጻናናዕ,A
ዘይጽሉል,A
ዘይጽሉው,A
ዘይጽመም,A
ዘይጽሩይ,A
ዘይጽቡይ,A
ዘይጽኑዕ,A
ዘይጽፉፍ,A
ዘይፍሉይ,A
ዘይፍሉጥ,A
ዘይፍሕሽው,A
ዘይፍስም,A
ዘይፍትሐኛ,A
ዘይፍትሓዊ,A
ዘይፍቶታዊ,A
ዘይፍወስ,A
ዘይፍጹም,A
ዘደስት,A
ዘደንጹ,A
ዘድነቐ,A
ዘገዳማዊ,A
ዘጠቓልል,A
ዘጥንቲ,A
ዘፈንፍን,A
ዘፍታዊ,A
ዘፍጣጥ,A
ዙረታዊ,A
ዛህላል,A
ዛህድ,A
ዛሕሊ,A
ዛርቡን,A
ዛንዶ,A
ዜግነታዊ,A
ዝሁም,A
ዝህሉል,A
ዝላሸወ,A
ዝልመታዊ,A
ዝሑል,A
ዝሓለነ,A
ዝሓለፈ,A
ዝሓመቐ,A
ዝሓበጠ,A
ዝሓዘለ,A
ዝሓዘነ,A
ዝሓየለ,A
ዝሓፈረ,A
ዝሕቱል,A
ዝመቖ,A
ዝመቘ,A
ዝመችአ,A
ዝመዓራረ,A
ዝማሰነ,A
ዝምስጥ,A
ዝምስጥዝምስጥ,A
ዝምችእ,A
ዝምውሻጡ,A
ዝረስዕ,A
ዝረአ,A
ዝሩው,A
ዝራግ,A
ዝርአ,A
ዝርዝራዊ,A
ዝርጉሕ,A
ዝርግቲ,A
ዝሰምበደ,A
ዝሰርሐ,A
ዝስትውዓል,A
ዝስጐመ,A
ዝቃዶ,A
ዝቐርኑ,A
ዝቑመቱ,A
ዝቕስቅስ,A
ዝቕባበኣዊ,A
ዝቖረጸ,A
ዝበለየ,A
ዝበለጸ,A
ዝበቕዕ,A
ዝበዝሐ,A
ዝበዝሖ,A
ዝባህርሪኡ,A
ዝተሓላለኸ,A
ዝተሓናፈጸ,A
ዝተመነዎ,A
ዝተመንወ,A
ዝተመከነ,A
ዝተረበሸ,A
ዝተራቐቐ,A
ዝተሰጐደ,A
ዝተሸናሸነ,A
ዝተቐስቀሰ,A
ዝተቐጨነ,A
ዝተቓመመ,A
ዝተቖጥዐ,A
ዝተበላሸወ,A
ዝተባላሸወ,A
ዝተኻሕደ,A
ዝተኻፋፈለ,A
ዝተኾልዐ,A
ዝተወሃሃደ,A
ዝተወጠመ,A
ዝተዋሰበ,A
ዝተዓቑረ,A
ዝተዓዀለለ,A
ዝተደርዐ,A
ዝተዳናገረ,A
ዝተገፍተነ,A
ዝተጐዛጐዘ,A
ዝተጠልመ,A
ዝተጨቓጨቐ,A
ዝተጫቓጨቐ,A
ዝተጸለለ,A
ዝተጸጸተ,A
ዝተፈልየ,A
ዝተፈናጨለ,A
ዝተፈጸመ,A
ዝተፋላለየ,A
ዝነቕዐ,A
ዝነደረ,A
ዝኑቕ,A
ዝኑብ,A
ዝናባዊ,A
ዝንጉዕ,A
ዝኰነ,A
ዝኸረረ,A
ዝኸበደ,A
ዝኸተተ,A
ዝኸፍአ,A
ዝወሃሃድ,A
ዝወሓደ,A
ዝወሸጠ,A
ዝዋውዕ,A
ዝውሓደ,A
ዝውቱር,A
ዝዓወነ,A
ዝዓጸቦ,A
ዝዕምቆቱ,A
ዝዘንበለ,A
ዝዘንግዕ,A
ዝዛመድ,A
ዝዝንቢ,A
ዝዩት,A
ዝደንጸዎ,A
ዝጃጀወ,A
ዝጉን,A
ዝጐሃረ,A
ዝጠባዩ,A
ዝጣጥሐ,A
ዝጨቀወ,A
ዝፍንፈን,A
ዞላጥ,A
ዞባዊ,A
የማናይ,A
የማን,A
የዋህ,A
ዩኒፎርም,A
ይቕሬታ,A
ይቕሬታዊ,A
ደላዪ,A
ደልሃመታዊ,A
ደልደላ,A
ደልዳላ,A
ደማዊ,A
ደምባር,A
ደምዳሚ,A
ደሞክራሲያዊ,A
ደሞዝተኛ,A
ደረቀኛ,A
ደረቐኛ,A
ደረቕ,A
ደረታዊ,A
ደራጂ,A
ደርጊ,A
ደርጋፍ,A
ደሴታዊ,A
ደስታዊ,A
ደቂቕ,A
ደቃቕ,A
ደቋሲ,A
ደበናዊ,A
ደቡባዊ,A
ደባሲ,A
ደባን,A
ደብልቐ,A
ደቦል,A
ደነበ,A
ደናብ,A
ደንቆሮ,A
ደንጋጺ,A
ደካሊ,A
ደያቢ,A
ደገ,A
ደገፍቲ,A
ደጉላብ,A
ደጐላጽ,A
ደፋር,A
ደፍራዊ,A
ዱልዱል,A
ዱራዊ,A
ዲያብሎሳዊ,A
ዲፕሎማሲያዊ,A
ዳህሰሳዊ,A
ዳህሳሳዊ,A
ዳርጋፍ,A
ዳይናሚክ,A
ድህሉል,A
ድሉው,A
ድልየታዊ,A
ድልዱል,A
ድሑር,A
ድሕነታዊ,A
ድሙቕ,A
ድምራዊ,A
ድምብልብል,A
ድምጻዊ,A
ድሩቕ,A
ድሩት,A
ድሩይ,A
ድራማዊ,A
ድርባዊ,A
ድርብ,A
ድርኺታዊ,A
ድሱት,A
ድስኩል,A
ድቁስ,A
ድቃዊ,A
ድበታዊ,A
ድኑስ,A
ድናቐኣዊ,A
ድንቁርና,A
ድንቂ,A
ድንዙዝ,A
ድንገተኛ,A
ድንጉር,A
ድንጉይ,A
ድንጉጽ,A
ድንግላዊ,A
ድንግል,A
ድኹም,A
ድጉል,A
ድግሳዊ,A
ድፉን,A
ድፍሩስ,A
ድፍኢታዊ,A
ዶራን,A
ዶኩመንታዊ,A
ዶግዳግ,A
ዶጭዳጭ,A
ጀረቘ,A
ጀራቝ,A
ጀርጋዕ,A
ጀነራል,A
ጃህረኛ,A
ጃህራዊ,A
ጃምላዊ,A
ጃንዳዊ,A
ጅግንነታዊ,A
ጆራቕ,A
ገሃሲ,A
ገለልተኛ,A
ገላጽ,A
ገልጣም,A
ገማቲ,A
ገምራዊ,A
ገምጋማዊ,A
ገረባዊ,A
ገርናው,A
ገርናዕ,A
ገርጃዕ,A
ገርፋፍ,A
ገስረጥ,A
ገስጓሲ,A
ገበናዊ,A
ገታር,A
ገነታዊ,A
ገንዘባዊ,A
ገንጫር,A
ገዚፍ,A
ገዛፊ,A
ገዲም,A
ገድላ,A
ገጠራዊ,A
ገጠሬ,A
ገጻብ,A
ገፊሕ,A
ገፍላው,A
ጉሁይ,A
ጉሉሕ,A
ጉላሕ,A
ጉልበታዊ,A
ጉልቡብ,A
ጉልቡት,A
ጉራምራ,A
ጉራቒን,A
ጉራዊ,A
ጉስያዊ,A
ጉኑፍ,A
ጉንፋዕ,A
ጉዕ,A
ጉዱል,A
ጉዱእ,A
ጉድኣታዊ,A
ጉጅላዊ,A
ጊልያዊ,A
ጊንጢ,A
ጋሃነማዊ,A
ጋላክስያዊ,A
ጋልቫናዊ,A
ጋሕማጥ,A
ጋበአ,A
ጋኔናዊ,A
ጋዕሳም,A
ጋዛዊ,A
ግሁድ,A
ግሉል,A
ግሉጽ,A
ግላዊ,A
ግልቡጥ,A
ግልብጥሽ,A
ግልጺ,A
ግመኣዊ,A
ግምቡው,A
ግምታዊ,A
ግሩህ,A
ግሩም,A
ግርማዊ,A
ግርም,A
ግቡእ,A
ግብራዊ,A
ግብታዊ,A
ግቱር,A
ግንባራዊ,A
ግንብንባዊ,A
ግኡዛዊ,A
ግኡዝ,A
ግዙፍ,A
ግዚያዊ,A
ግዜያዊ,A
ግዝኣታዊ,A
ግዝያታዊ,A
ግዝያዊ,A
ግዱስ,A
ግዱዕ,A
ግዱድ,A
ግዳማዊ,A
ግዳም,A
ግዴታዊ,A
ግድላዊ,A
ግድነታዊ,A
ግጉይ,A
ግጥማዊ,A
ግፉሕ,A
ግፉዕ,A
ግፉፍ,A
ግፍዓዊ,A
ጎልሓም,A
ጎራሕ,A
ጎሰየ,A
ጎሳስ,A
ጎሳዪ,A
ጎባጥ,A
ጎነጻዊ,A
ጎዳን,A
ጎዳኢ,A
ጎፍጓፍ,A
ጐልሓም,A
ጐልጐል,A
ጐረሮኣዊ,A
ጐረቤታዊ,A
ጐረቤት,A
ጐራሕ,A
ጐር,A
ጐሳስ,A
ጐብጓብ,A
ጐንጪ,A
ጐይታቲ,A
ጐደም,A
ጐደቦ,A
ጐዳኢ,A
ጐድናዊ,A
ጐዶቦኣዊ,A
ጐጠየ,A
ጓሃሪ,A
ጓህራይ,A
ጓልጓሎ,A
ጓሳዪ,A
ጓና,A
ጠላም,A
ጠላቕ,A
ጠሓሲ,A
ጠማዕ,A
ጠምባው,A
ጠረው,A
ጠርጣሪ,A
ጠቅላላ,A
ጠቓሚ,A
ጠንቃም,A
ጠንቃዊ,A
ጠንካራ,A
ጠዋይ,A
ጠጣዒ,A
ጠፈራዊ,A
ጠፊእ,A
ጣኦታዊ,A
ጣዕሳዊ,A
ጥሉል,A
ጥሉቕ,A
ጥልቁይ,A
ጥሑል,A
ጥሙር,A
ጥሙይ,A
ጥማዊ,A
ጥማዓዊ,A
ጥረኣዊ,A
ጥሩሽ,A
ጥሩፍ,A
ጥራሕ,A
ጥርሑ,A
ጥርሙዛዊ,A
ጥርኑፍ,A
ጥርንቕ,A
ጥርዙዝ,A
ጥርጡር,A
ጥስንቕ,A
ጥስጡስ,A
ጥቑዕ,A
ጥቓ,A
ጥቕሉል,A
ጥበበኛ,A
ጥበቡ,A
ጥበባዊ,A
ጥብቂ,A
ጥንስቲ,A
ጥንቁቕ,A
ጥንቃቐኣዊ,A
ጥንቍቅ,A
ጥንቍቕ,A
ጥንቲ,A
ጥንታዊ,A
ጥንኩር,A
ጥዉይ,A
ጥውጥዋዐ,A
ጥዑም,A
ጥዑስ,A
ጥዑይ,A
ጥዓናዊ,A
ጥዕናዊ,A
ጥጡሕ,A
ጥፉሽ,A
ጥፋሸ,A
ጦብላሕታዊ,A
ጦብያዊ,A
ጨለ,A
ጨላይ,A
ጨምዳድ,A
ጨራቒ,A
ጨርቃም,A
ጨቃው,A
ጨቋኒ,A
ጨበራይ,A
ጨበር,A
ጨናዊ,A
ጨንፈራዊ,A
ጨካን,A
ጨካዊ,A
ጨጓር,A
ጨጨዋይ,A
ጫውጫውተኛ,A
ጭልጭልታዊ,A
ጭሕግርጋር,A
ጭሙት,A
ጭምዱድ,A
ጭራቓዊ,A
ጭራዊ,A
ጭቃዊ,A
ጭቍው,A
ጭቡጥ,A
ጭብጣዊ,A
ጭኑቕ,A
ጭካነኣዊ,A
ጭዋዳዊ,A
ጭውይ,A
ጭዓይ,A
ጭደል,A
ጭደራዊ,A
ጳጳሳዊ,A
ጸለል,A
ጸሊም,A
ጸላእ,A
ጸልማት,A
ጸሓያዊ,A
ጸማም,A
ጸምላው,A
ጸምራዊ,A
ጸቓጢ,A
ጸበባዊ,A
ጸቢብ,A
ጸባዊ,A
ጸዋር,A
ጸዋግ,A
ጸዓተኛ,A
ጸዓዲ,A
ጸያቂ,A
ጸያኒ,A
ጸደላዊ,A
ጸዳፍ,A
ጸጋማይ,A
ጸጓር,A
ጸፊ,A
ጸፊሕ,A
ጺእ,A
ጻዕረኛ,A
ጻዕራም,A
ጻዕተኛ,A
ጻጸኣዊ,A
ጽሉል,A
ጽሉእ,A
ጽላቚ,A
ጽላው,A
ጽልመት,A
ጽልሙት,A
ጽልኣዊ,A
ጽልዋዊ,A
ጽልግልጋዊ,A
ጽሕጋዊ,A
ጽሕፈታዊ,A
ጽሕፍታዊ,A
ጽሕፍቶኣዊ,A
ጽሙር,A
ጽሙእ,A
ጽሙው,A
ጽማልያ,A
ጽማሬኣዊ,A
ጽምሉው,A
ጽምልው,A
ጽምቈታዊ,A
ጽምብላዊ,A
ጽምው,A
ጽምዳዊ,A
ጽሩይ,A
ጽርይቲ,A
ጽርጋዊ,A
ጽቑጥ,A
ጽቡቕ,A
ጽባሕ,A
ጽባቐ,A
ጽባቐኣዊ,A
ጽብቕቲ,A
ጽኑት,A
ጽኑዕ,A
ጽንኩር,A
ጽውጽዋያዊ,A
ጽዑቕ,A
ጽዓተኛ,A
ጽዕዳዊ,A
ጽዖታዊ,A
ጽዩቕ,A
ጽዩእ,A
ጽዩፍ,A
ጽዱይ,A
ጽድያዊ,A
ጽገረዳዊ,A
ጽጉም,A
ጽጉብ,A
ጽግያታዊ,A
ጽፉፍ,A
ጽፍሓዊ,A
ጽፍፍቲ,A
ጾመ,A
ጾም,A
ጾታዊ,A
ፈሊጥ,A
ፈረሰኛዊ,A
ፈራሕ,A
ፈራዪ,A
ፈርካሽ,A
ፈሲሕ,A
ፈሳም,A
ፈቃር,A
ፈተናኣዊ,A
ፈተናዊ,A
ፈንጂ,A
ፈንጠዝያዊ,A
ፈንጣሒ,A
ፈንጣር,A
ፈንፋኒ,A
ፈኩሽ,A
ፈኲስ,A
ፈኵስ,A
ፈውሳዊ,A
ፈዛዝ,A
ፈያር,A
ፈይፋይ,A
ፈደራላዊ,A
ፈጠራዊ,A
ፈጻግ,A
ፉንፉን,A
ፊትንፊት,A
ፊናንሳዊ,A
ፊንታዊ,A
ፊዚካዊ,A
ፊደላዊ,A
ፋህም,A
ፋሉል,A
ፋልማይ,A
ፋሲካዊ,A
ፋቢያናዊ,A
ፋይዳኣዊ,A
ፌስታዊ,A
ፍሉይ,A
ፍሉጥ,A
ፍሊ,A
ፍልማዊ,A
ፍልሰታዊ,A
ፍልቀታዊ,A
ፍሎረሸንት,A
ፍሕሹው,A
ፍሕሽው,A
ፍረኣዊ,A
ፍረዘይብሉ,A
ፍሩህ,A
ፍርዚን,A
ፍርያም,A
ፍርዳዊ,A
ፍሱህ,A
ፍስሃዊ,A
ፍቑድ,A
ፍቓደኛ,A
ፍቕራዊ,A
ፍቝድ,A
ፍቱሕ,A
ፍቱን,A
ፍትሓዊ,A
ፍትሕረቀ,A
ፍትው,A
ፍናናዊ,A
ፍናፍንቲ,A
ፍንጡዝ,A
ፍንፋን,A
ፍወሳዊ,A
ፍዳዊ,A
ፍድፉድ,A
ፍጌን,A
ፍጡን,A
ፍጹም,A
ፍጻሜታት,A
ፓስተል,A
ፕላስቲክ,A
ፕላነታዊ,A
ፕሪዝማዊ,A
ፖለቲካዊ,A
